id	label	level	desc	connections	color	validated
004ce045-8c25-438d-a554-d15145c9d3c8	Right to Erasure	5	Quy trình hỗ trợ người dùng thực hiện quyền yêu cầu xóa dữ liệu cá nhân khỏi hệ thống (Right to be Forgotten). Quy trình xóa cần triệt để đến toàn bộ hệ thống analytics, data lake và warehouse của bên thứ ba nhằm tuân thủ đầy đủ quy định GDPR và Nghị định bảo vệ dữ liệu cá nhân. Nhớ khi xóa cần update vào SSOT và tạo memo trên Engagement & Retention Platform.	e3abab7c-2227-51ee-8340-11aed0292fb9;0dd93b5e-f0e1-52a1-b376-63c76cfe5715;14e9f57b-b82d-44c7-9e8e-621bcc7d03a6;cc765af2-f113-4c25-9f84-6595c140794d;cf273422-4ebb-566c-9a63-21f3fcfbb053	#CFE0F2	true
00dc0b4c-2200-407d-8e0f-b9247d847467	Retry Logic	5	Cơ chế tự động thử gửi lại dữ liệu khi request gặp sự cố hoặc server bận. Lưu ý: Sử dụng Exponential Backoff kèm Jitter chứ không dữ liệu bắn liên tục lên hệ thống là toang. Cần work với dev hoặc khi vibe code define rõ logic này luôn.	6c0b7cfc-d596-5af9-803f-9bdbc6a0834a	#F0FCF5	true
0138d388-8f2c-4bfa-b202-3da60e6c9d06	Purpose Limitation	5	Nguyên tắc quản trị chỉ sử dụng dữ liệu người dùng cho đúng các mục đích đã công bố và xin phép ban đầu. Các nền tảng đều có quy định riêng cho phần sử dụng dữ liệu nhạy cảm này. Hãy lưu í nhé.	e3abab7c-2227-51ee-8340-11aed0292fb9;94d8bcc4-d446-43e3-936c-ee54939bc1b1;14e9f57b-b82d-44c7-9e8e-621bcc7d03a6;b71ed2dd-b6f6-53e7-b84a-fc4c424268c3;1c8c1e52-bafb-4a4c-8d48-13e10e07ad50;3e029235-866c-442c-acaa-d90f09763823;ce92e344-098f-5414-a29c-957a46e9494f;f068d36c-d6e6-5abf-a5eb-68939f979586	#CFE0F2	true
018a9d24-41b1-5d11-be1c-1107c308bf1d	Affiliate Marketing	5	Cơ chế chi trả hoa hồng cho đối tác khi họ giới thiệu được lượt mua mới. Khi ứng dụng cơ chế Affiliate cần xác định rõ mô hình nào sẽ phù hợp với phương pháp này và quản trị chất lượng / kịch bản affiliate để đảm bảo không ảnh hưởng tiêu cực tới branding.	6935e1ef-563e-541c-8b6b-9e1560185cc2;6e36e687-06b2-5e95-9638-90cf43369216	#FFF5F5	true
032779f1-24e4-5df2-8133-bc25bf3846e4	A/B Split Testing	5	Phương pháp thực nghiệm đối chứng chia đôi lưu lượng để so sánh hiệu quả giữa các version. Giữa các phương pháp validation: Khi nào chọn A/B Testing, DiD, Propensity Score Matching và các phương pháp nghiên cứu người dùng khác? Ưu nhược điểm là gì?	38663a21-69f7-5c91-b855-5715f8ac433d;59189e2d-a73d-5f5c-899b-f00961197e83;90d6a4ec-941a-592d-ad73-d28e629361b8;9f1d26fd-7e8a-562e-bfe6-3ea480cbcd63;d9df7810-70d2-5360-ab05-d03752bdc2c0;036e69d1-7883-5869-9ccd-ba1b4abcb6ae;cbdc645c-f6cb-4314-99c9-7dc2db9845b7	#FAF5FF	true
036e69d1-7883-5869-9ccd-ba1b4abcb6ae	Product Optimization	5	Hoạt động cải tiến liên tục dựa trên thử nghiệm, feedback loop, nghiên cứu, tối ưu, đo lường để tối đa hóa doanh thu, tỷ lệ chuyển đổi và giữ chân user. Optimization phụ thuộc rất lớn vào tốc độ thử sai của sản phẩm. Đánh giá hiệu quả đa chiều trên cả hành vi, insight và tác động của nó tới chỉ số sản phẩm.	032779f1-24e4-5df2-8133-bc25bf3846e4;38663a21-69f7-5c91-b855-5715f8ac433d;90d6a4ec-941a-592d-ad73-d28e629361b8;a4d8133d-db69-5432-b4b6-55c08a32de0a;2230d9c9-a087-586a-941d-d2a475c3b521	#FAF5FF	true
03ce05be-d860-5ef1-b7a4-13f2d08bf9a0	Aggregator Model	5	Gom các nhà cung cấp phân mảnh dưới một thương hiệu chung với tiêu chuẩn chất lượng thống nhất.	6935e1ef-563e-541c-8b6b-9e1560185cc2;6e36e687-06b2-5e95-9638-90cf43369216;e1b028eb-0017-5736-979c-3f670814fb5d	#FFF5F5	true
03d12942-cf0a-501d-9615-b30bce39717d	Action-based Product Requirement (PRD)	3	Action-based PRD là phương pháp mô tả tài liệu sản phẩm tập trung vào hành vi tương tác và sự kiện thực tế của người dùng thay vì chỉ liệt kê logic tĩnh, giúp đội ngũ hình dung rõ trải nghiệm trực quan. Format Given-When-Then (thuộc BDD - Behavior-Driven Development) thường được sử dụng cho Action-based PRD. Ứng dụng trong Sản phẩm nặng UX, Dynamic flow & cần trải nghiệm real-time tương tác cao.	0e1489cc-a5c5-530f-948f-abdca76e1d18;1b5219f1-2082-55c0-a742-a09a5bf77e29;4c1da6f4-b306-510f-a118-554748fd824a;6df7c1d7-8b50-5ba4-b6b5-1575853e964a;74f161e6-8a1f-5b7f-bc68-8b6697b0320b;7f19d515-b409-5237-b16b-8c9809905ca5;afce4b57-cf4d-5eb8-a164-34b159d196f3;b3a75a02-2f25-5ef1-8215-137405bc70eb;e493de95-1ab9-5cfc-bf2e-81c17754d91a;fa48484b-ebcb-5b79-86ce-4399e9bc001c;059a4b3d-e28c-5ec5-99e8-1be0ce819452;0664976c-40dc-5a6b-a640-bd948530a965;0dfe1430-033f-5cba-bb53-f9d2a61537f8;0ed8c417-4f1e-57ae-8745-83150457fa1f;1ee14d39-d6e6-557a-9472-77484d472de1;2230d9c9-a087-586a-941d-d2a475c3b521;2545db8f-ee7b-5ab6-997e-d56e212fdee9;2d977def-74a5-5b4a-8416-1b113a1a7bbb;3d7d2224-59d7-5797-95ce-e0296000fb3b;4baa12cd-57dd-5f10-bcf4-72931c57b238;57ebec75-af72-503b-823d-0535a29be836;59189e2d-a73d-5f5c-899b-f00961197e83;64e960c7-3bc6-55ba-857b-91f91340720f;6b2c6768-764d-5590-9103-9cbd7cda2ef5;756cf27c-72c2-549f-9e60-7dc25a942f19;785fbae6-e4b0-5a85-9378-89fb9c83a906;7bd20bbf-d51d-52ca-9cec-62cbfd337c63;ae9ff296-6a60-551a-ac7c-db163cb5f6f8;b3649530-10b6-52e2-8b7b-aaa7b0a4aeb8;bdd6c97d-4c0c-5290-b197-a1a2e53fcaa6;cb385f15-6d14-5994-b619-4ee0a471d99c;dcd659ed-03ce-5770-a1d2-7f7c82993b4c;f6cb49e5-cad5-58b3-be56-b16dd391f14d	#D4F6E2	true
048d1f4b-26b4-5042-bc5c-3c3c7492ad5f	Leaky Bucket Principle	4	Tư duy tối ưu phần có performance kém nhất: Luồng rớt ác nhất, tính năng retention thấp nhất... Tư duy tối ưu trước khi tăng trưởng giúp kiện toàn sản phẩm, bộ máy, trải nghiệm, vận hành... trước khi đầu tư tiền để growth.	1973ed7a-8330-52ee-b8a0-84d97c08fc6b;85490028-7acb-5864-b15c-8d4a7b5723ae;be1f3090-970d-58e7-b2ef-8c5b02adaf40;e3c5f850-1105-5129-a5f8-8a79f8017ee4	#FEECEE	true
052a0b3c-55be-5c5b-abfe-517ca1801d4a	Growth Loops vs Linear Funnels	5	Tư duy tăng trưởng dạng chu trình khép kín: Đầu ra của một chu kỳ trở thành đầu vào tái tạo cho chu kỳ tiếp theo.	38663a21-69f7-5c91-b855-5715f8ac433d;97c40a4b-0139-58db-bdd0-739c56ef1cf7;a4d8133d-db69-5432-b4b6-55c08a32de0a;be1f3090-970d-58e7-b2ef-8c5b02adaf40	#FAF5FF	true
059a4b3d-e28c-5ec5-99e8-1be0ce819452	Happy Scenarios	5	Đẹp thì kịch bản này sẽ xảy ra. Nhưng khi prompt / define cases thì cần thêm cả Edge case, corner case & failure cases nữa. Việc define các case này ảnh hưởng trực tiếp đến logic của hệ thống và trải nghiệm sản phẩm.	4c1da6f4-b306-510f-a118-554748fd824a;756cf27c-72c2-549f-9e60-7dc25a942f19;ae9ff296-6a60-551a-ac7c-db163cb5f6f8;f8e5216d-9fc5-489d-a91f-dcfabb1e57b7	#F0FCF5	true
0635946c-736b-51bb-8d60-dcfba3d4342d	Event Anatomy	3	Xây dựng cấu trúc của một Event trong Event Tracking, giúp tạo ra các data point có ý nghĩa để phân tích về sau. Cấu trúc của event cần tuần thủ theo quy tắc đặt tên, quản lý tên gọi, Tokenization - tương tự với cách quản lý naming convention trong quy trình thiết kế và phát triển sản phẩm.	3404d86a-fa83-504b-aaae-3dcc800c06ea;69d3f90b-ec4a-538a-aff3-70ca6b03ef1d;dbf044cb-095d-5cc3-8294-14bcf3d39143;feea6d77-0e54-5551-8011-f45f139621aa;169ffe50-74e2-5cef-9a85-9dfb238eca18;0ed8c417-4f1e-57ae-8745-83150457fa1f;52d59734-722b-599a-a0be-fbf3691ef3db;bce4aa48-117c-5f51-8102-9d6e18240213;ce92e344-098f-5414-a29c-957a46e9494f;f068d36c-d6e6-5abf-a5eb-68939f979586;37e66367-5ca5-44b2-b660-25f0d7d5d1a5	#CFE0F2	true
0664976c-40dc-5a6b-a640-bd948530a965	Navigation	5	Hệ thống kiến trúc điều hướng người dùng di chuyển giữa các modules, tính năng & màn hình.	4c1da6f4-b306-510f-a118-554748fd824a;6df7c1d7-8b50-5ba4-b6b5-1575853e964a;71876896-300d-55ee-a4af-4f60a31674c9;be73b65d-f6bc-46a5-97ea-5712bce6393f;bdca8662-7ba2-4bc9-80f7-1ea3b4803b42;e10818b3-9647-4b5e-b247-7ed68a3a3efa;0d3848ba-d429-4455-a2e8-2702ce64fe7e;5e828ea5-af0c-400c-8c33-e2962e115577;b6dcd3cf-12ee-476a-80ff-a0662491ff02	#F0FCF5	true
072f7438-9f0d-5071-9d0c-83fcff450bf7	Selection Bias in Analytics	5	Thiên lệch mẫu: Người dùng chủ động xài tính năng mới thường vốn dĩ đã tích cực dùng app từ trước, dẫn đến nghiên cứu early adopter không đại diện được cho insight của tập người dùng đến sau.	38663a21-69f7-5c91-b855-5715f8ac433d;68674db2-8527-5464-a6d3-edb994f05b36;90d6a4ec-941a-592d-ad73-d28e629361b8;9a295ef9-17a3-553f-aaa8-68317386a9e6;a4d8133d-db69-5432-b4b6-55c08a32de0a;be1f3090-970d-58e7-b2ef-8c5b02adaf40;c23c0606-cf05-5f75-a9d3-31210cd03df0	#FAF5FF	true
082e6c10-d8a0-5f93-8bd1-b6465e4d3ec4	Customer Segments	5	Tập khách hàng và chân dung người dùng mục tiêu mà sản phẩm tập trung phục vụ.	466f4b1a-af15-5678-8c75-63dfb12515a6;ded9e273-9fa9-4bd2-b2e2-580554e809a5;4835b5d1-b770-4e17-bb59-7eca3b7a6be2;d7a2e3e8-7638-4012-9f05-effecb89e3f5;ff838f41-458b-47bf-9610-8ef611249009	#FFF5F5	true
0969dee2-073c-4f26-9047-b935914ac501	Digitalization	3	Quy trình convert người dùng từ các kênh truyền thống sang kênh online. Lưu ý: Cần educate và incentive | Ứng dụng: Giảm chi phí vận hành, tăng doanh thu.	036e69d1-7883-5869-9ccd-ba1b4abcb6ae;a3738aea-05ea-53d8-8ac6-ee0449b3141d;e3c5f850-1105-5129-a5f8-8a79f8017ee4;d46cee0f-3f30-5991-9390-1df10fc3799c;e28d0f1b-bb8a-5ab4-b739-5c2c96b631ee;ee0b0e06-9995-46e5-ae56-f63a5442981f	#FAF5FF	true
0a8ecd04-04f8-52a5-b069-9f6aa3a2f41e	Pay-Per-Use	5	Mô hình tính phí dựa trên số lượng tài nguyên hoặc số lần giao dịch tiêu thụ thực tế.	6935e1ef-563e-541c-8b6b-9e1560185cc2;6e36e687-06b2-5e95-9638-90cf43369216	#FFF5F5	true
0dd93b5e-f0e1-52a1-b376-63c76cfe5715	User Identity Management	3	Cơ chế định danh người dùng, quản trị chất lượng dữ liệu và tuân thủ bảo mật theo các quy định của nhà nước (Luật Bảo vệ dữ liệu cá nhân số 91/2025/QH15) hoặc tiêu chuẩn GDPR	1a8fd20b-24cb-5a6f-959a-9b0360e0645f;3118b9e6-2c4b-5c0b-bb6a-b0a593bbff10;52d59734-722b-599a-a0be-fbf3691ef3db;550caa4e-1abd-5b0b-94df-e5bfc566b689;69d3f90b-ec4a-538a-aff3-70ca6b03ef1d;a2c8189b-43ed-575e-af6a-d1def4d7e5d8;a456d4c5-1db8-5931-b91d-96268ce5e577;a88ba42e-2eee-5e40-b82c-6e535d970572;b71ed2dd-b6f6-53e7-b84a-fc4c424268c3;bb4005ce-aeaa-586d-968c-6428ec5ac661;ce92e344-098f-5414-a29c-957a46e9494f;d6221f88-82e6-5126-9d4e-fc9299408d4d;df3d0c18-a108-5c38-8e94-ed22df3de949;e3abab7c-2227-51ee-8340-11aed0292fb9;e87054ce-119e-5c27-99ca-da227f71eace;f068d36c-d6e6-5abf-a5eb-68939f979586;f9379f02-667d-5f94-b25e-f4f24380f53d;c7d4a4d5-0feb-4048-a030-a19050d50974;f322e284-9a79-44e8-a2ec-889b942f2c9b;004ce045-8c25-438d-a554-d15145c9d3c8	#BAE6FD	true
0dfe1430-033f-5cba-bb53-f9d2a61537f8	Agile	5	Phương pháp luận phát triển phần mềm linh hoạt, tập trung vào phối hợp, triển khai nhanh và phản ứng linh hoạt với những sự thay đổi.	61c1a2d4-808b-5e8b-81a8-03d13a50a4da;f98e361b-7a90-4634-b33d-e96f3b16fa6a;76ec05cf-a6cd-4ad8-a3d3-9806898f49ae;476213b5-7b9a-57c1-b3f4-76fcfc583cd1;1ee14d39-d6e6-557a-9472-77484d472de1;7f19d515-b409-5237-b16b-8c9809905ca5;aae4823f-dbe0-5864-9f0e-7341eb6e9caf;bb9f28d6-2f16-44be-972f-fa0e04abad7f;4c5efa39-9183-40b9-9f3b-f91b4fe4007c;1e8be8c8-22cb-410a-96b9-2e95e3257ff7	#F0FCF5	true
0e1489cc-a5c5-530f-948f-abdca76e1d18	Acceptance Criteria	5	Bộ tiêu chí chấp thuận cụ thể quy định các điều kiện cần và đủ để một User Story được coi là hoàn tất.	03d12942-cf0a-501d-9615-b30bce39717d;3d7d2224-59d7-5797-95ce-e0296000fb3b;4c1da6f4-b306-510f-a118-554748fd824a;6df7c1d7-8b50-5ba4-b6b5-1575853e964a;74f161e6-8a1f-5b7f-bc68-8b6697b0320b;bb9f28d6-2f16-44be-972f-fa0e04abad7f	#F0FCF5	true
0ed8c417-4f1e-57ae-8745-83150457fa1f	Design Tokens	5	Chuẩn hóa cách đặt tên cho variable, styles giúp tăng khả năng scale, maintain của Design System.	4c1da6f4-b306-510f-a118-554748fd824a;64e960c7-3bc6-55ba-857b-91f91340720f;6df7c1d7-8b50-5ba4-b6b5-1575853e964a;74f161e6-8a1f-5b7f-bc68-8b6697b0320b;b057a51d-7570-4101-9575-62fdba099541	#F0FCF5	true
0f2707f2-d435-4d56-9ce7-41a1e25394f4	Authority	5	Uy tín từ chứng chỉ, cơ quan thẩm quyền | Lưu ý: Nguồn xác nhận phải đáng tin | Ứng dụng: Truyền thông chất lượng	3a72a225-d74d-4664-8f12-cf7e5d412ef1	#FEFCEE	true
0f2bd824-4ff2-5fed-9ea7-9dba2a54304d	Crowdfunding	5	Huy động vốn cộng đồng từ số đông người ủng hộ trước khi bắt tay vào sản xuất hoàn thiện.	6935e1ef-563e-541c-8b6b-9e1560185cc2;6e36e687-06b2-5e95-9638-90cf43369216	#FFF5F5	true
0f2f385f-7ee3-4a9d-90fa-79fad13deb50	BNPL (Buy Now Pay Later)	5	Mua trước, trả sau | Lưu ý: Cần quản trị tín dụng | Ứng dụng: Revenue stream tài chính	83b42d96-35fe-5da4-a3d8-dc7942e1c6d6;284f64ca-4137-51ae-997f-c1a193b856d5	#FFF5F5	true
12ba622f-5661-5f36-a180-313dac342c43	Stratified Sampling	5	Phương pháp chọn mẫu phân tầng: Chia người dùng thành các nhóm con đồng nhất (theo phân khúc, tần suất dùng) rồi lấy mẫu ngẫu nhiên từ từng nhóm.	4e2d1fbe-c78c-50a0-b698-9fa9494d4efe;7aebd62e-9aef-559f-ab02-3648ab823848;d9df7810-70d2-5360-ab05-d03752bdc2c0	#FEFCEE	true
143c835a-9e49-5495-a37e-d0db4058bb93	Server-side tracking	5	Bắn sự kiện từ backend server tới dịch vụ analytics, đảm bảo độ chính xác cao và tránh AdBlocker.	bce4aa48-117c-5f51-8102-9d6e18240213;8e8530e6-b1cd-4ad5-94d4-df782db1018b	#F3F8FF	true
14e9f57b-b82d-44c7-9e8e-621bcc7d03a6	DPIA (Data Protection Impact Assessment)	5	Quy trình đánh giá tác động xử lý dữ liệu cá nhân nhằm nhận diện và giảm thiểu các rủi ro xâm phạm quyền riêng tư. Lưu ý: Bắt buộc lập hồ sơ và lưu trữ phục vụ thanh tra tuân thủ theo Nghị định 13/2023/NĐ-CP và GDPR. Ứng dụng: Đảm bảo an toàn pháp lý cho hệ thống tracking và sản phẩm số.	e3abab7c-2227-51ee-8340-11aed0292fb9;004ce045-8c25-438d-a554-d15145c9d3c8;0138d388-8f2c-4bfa-b202-3da60e6c9d06	#CFE0F2	true
163abd11-3f32-5b64-a949-6ddfa0c09f00	Client-side Caching	5	Chiến lược lưu trữ đệm dữ liệu tạm thời tại thiết bị người dùng để giảm thiểu request trùng lặp.	4c1da6f4-b306-510f-a118-554748fd824a;6df7c1d7-8b50-5ba4-b6b5-1575853e964a	#F0FCF5	true
169ffe50-74e2-5cef-9a85-9dfb238eca18	Design Systems & Naming Convention	3	Chuẩn hóa thiết kế, tên gọi giúp thống nhất đối tượng, hành động trên các tài liệu khác nhau: từ thiết kế trên Figma, tên gọi trong UI, Event Tracking Plan, tên function, component trong code-base. Chuẩn hóa tốt giúp tăng khả năng teamwork, maintain tài liệu và duy trì sự thống nhất.	4baa12cd-57dd-5f10-bcf4-72931c57b238;4c1da6f4-b306-510f-a118-554748fd824a;6df7c1d7-8b50-5ba4-b6b5-1575853e964a;c184434e-b278-5e08-a49b-4e43c0fbaa83;c2d701a3-3824-5cc7-b5c6-47f267a6b1a8;ec492835-1e66-44c5-860f-ddffea3612b3;b057a51d-7570-4101-9575-62fdba099541	#BFF0D4	true
18a64f03-274b-5c17-aacc-55c52efecb18	Time-to-Convert (TTC)	5	Đo lường phân bố thời gian từ lúc user bắt đầu tiếp xúc bước 1 cho tới khi hoàn tất hành động cuối, giúp xác định đúng độ dài của Conversion Window và tính toán được Time-to-value của sản phẩm.	38663a21-69f7-5c91-b855-5715f8ac433d;90d6a4ec-941a-592d-ad73-d28e629361b8;a4d8133d-db69-5432-b4b6-55c08a32de0a;be1f3090-970d-58e7-b2ef-8c5b02adaf40	#FAF5FF	true
18aeffc4-76aa-5984-95a2-8ffd02dbde89	Reserved Prefix	5	Các tiền tố ký tự đặc biệt được hệ thống hoặc SDK bảo lưu (như $, ga_, mp_) không được dùng cho biến tự tạo.	dbf044cb-095d-5cc3-8294-14bcf3d39143;feea6d77-0e54-5551-8011-f45f139621aa	#F3F8FF	true
19452ecb-8274-5c6d-87b9-b658b3d1bcac	Confounding Variables Control	5	Kỹ thuật kiểm soát các biến tác động (chiến dịch khuyến mãi, dịp lễ, phiên bản cập nhật) giúp đánh giá tác động của cải tiến chính xác hơn.	38663a21-69f7-5c91-b855-5715f8ac433d;4592bcf2-64bb-5c9f-be55-b4648d0d6a0e;68674db2-8527-5464-a6d3-edb994f05b36;90d6a4ec-941a-592d-ad73-d28e629361b8;9a295ef9-17a3-553f-aaa8-68317386a9e6;a4d8133d-db69-5432-b4b6-55c08a32de0a;be1f3090-970d-58e7-b2ef-8c5b02adaf40	#FAF5FF	true
1973ed7a-8330-52ee-b8a0-84d97c08fc6b	Business Model Canvas	1	Xác định mô hình kinh doanh của sản phẩm mới như thế nào? Partner với ai? Value là gì? Tiếp cận ai? Qua đâu? Định vị sản phẩm? Mô hình doanh thu và chi phí?...  Mỗi thay đổi trong mô hình kinh doanh đều chi phối đến việc phát triển sản phẩm? Vậy dựa vào đâu để quyết định trong những hoàn cảnh mơ hồ ban đầu?	048d1f4b-26b4-5042-bc5c-3c3c7492ad5f;24dd1597-be79-58d8-a29e-b5da6c299e3a;466f4b1a-af15-5678-8c75-63dfb12515a6;6935e1ef-563e-541c-8b6b-9e1560185cc2;6dced765-3c6a-523f-9cf8-c8a0b325dd3d;6e36e687-06b2-5e95-9638-90cf43369216;85490028-7acb-5864-b15c-8d4a7b5723ae;89e83649-a251-52b2-87bf-46ff74911fad;a3738aea-05ea-53d8-8ac6-ee0449b3141d;b3a75a02-2f25-5ef1-8215-137405bc70eb;c32f3ddf-e641-5b94-8a54-29c07fac840f;cbe4de80-15e0-5055-9222-3f6228806ac5;de637444-ec90-57c3-b6bc-9d5ba7bb8302;e3c5f850-1105-5129-a5f8-8a79f8017ee4;f0ac8d4e-a52e-5592-9151-26cec54c0909;082e6c10-d8a0-5f93-8bd1-b6465e4d3ec4;1975019f-bb5d-5a68-b08b-66c575ed8c78;4d20ff6e-b4a4-5f4e-b279-16ccda8f7062;83b42d96-35fe-5da4-a3d8-dc7942e1c6d6;bd606838-d561-5f77-a788-7dc486e1afde;e28d0f1b-bb8a-5ab4-b739-5c2c96b631ee;f04486e9-87b2-592e-922c-934df8a7bc2a;aae4823f-dbe0-5864-9f0e-7341eb6e9caf;2b628007-55b2-4e4f-be1c-b847deb0fd16	#F8B195	true
1975019f-bb5d-5a68-b08b-66c575ed8c78	Key Activities	5	Các hoạt động chính, bắt buộc phải thực hiện để sản phẩm tạo ra giá trị cho user.	1973ed7a-8330-52ee-b8a0-84d97c08fc6b;f04486e9-87b2-592e-922c-934df8a7bc2a	#FFF5F5	true
1a8fd20b-24cb-5a6f-959a-9b0360e0645f	User Profile	5	Hồ sơ lưu trữ các thuộc tính định danh bền vững của người dùng (như plan_tier, signup_date, gender).	0dd93b5e-f0e1-52a1-b376-63c76cfe5715;ce92e344-098f-5414-a29c-957a46e9494f;e87054ce-119e-5c27-99ca-da227f71eace;cc765af2-f113-4c25-9f84-6595c140794d;366697ca-e9b6-4b41-b459-0a17267555fb;f11b6b58-9424-4bd8-b81d-ef8cfb3c4e33	#F3F8FF	true
1a93daca-28e4-568a-9f92-2e0b7decd9cd	Offline-First Architecture	5	Kiến trúc ưu tiên hoạt động ngoại tuyến: Ứng dụng lưu trữ dữ liệu tại local database (SQLite/WatermelonDB) và tự động đồng bộ khi có mạng.	4c1da6f4-b306-510f-a118-554748fd824a;6df7c1d7-8b50-5ba4-b6b5-1575853e964a	#F0FCF5	true
1b51e1b8-3089-4dcc-933a-ec72c664f19e	Riskiest Assumption in POC	5	Giả định nguy hiểm nhất; nếu sai thì dự án mất tính khả thi. Lưu ý: mỗi POC chỉ nên tập trung 1–2 giả định lớn. Ứng dụng: test dependency kỹ thuật quan trọng nhất trước.	697d5f88-9281-56eb-87a3-b8f1d680fa04;2f1c941a-c15b-57a3-a7f0-825b19510566;aae4823f-dbe0-5864-9f0e-7341eb6e9caf;8165b052-4fa4-45be-8c9e-bfd0a6dade0e;95861de9-7e75-4d6f-a2f1-e52cb4f755f7;1e8be8c8-22cb-410a-96b9-2e95e3257ff7;bb9f28d6-2f16-44be-972f-fa0e04abad7f;dbba0e5a-fc5d-4315-ae1b-ee3d5ec15d04	#FEECEE	true
1b5219f1-2082-55c0-a742-a09a5bf77e29	Product Execution	2	Triển khai kế hoạch sản phẩm sau khi đã có prioritization & acceptance criteria của tính năng. Ứng dụng AI vào quy trình triển khai giải pháp bao gồm: Thiết kế hệ thống, thiết kế tính năng, thiết kế luồng và UI cho đến quản lý tài liệu và nguồn lực.	03d12942-cf0a-501d-9615-b30bce39717d;3118b9e6-2c4b-5c0b-bb6a-b0a593bbff10;3d7d2224-59d7-5797-95ce-e0296000fb3b;4c1da6f4-b306-510f-a118-554748fd824a;4f8c668f-447a-5189-8260-6685c449dc2a;64e960c7-3bc6-55ba-857b-91f91340720f;6dced765-3c6a-523f-9cf8-c8a0b325dd3d;6df7c1d7-8b50-5ba4-b6b5-1575853e964a;74f161e6-8a1f-5b7f-bc68-8b6697b0320b;7aebd62e-9aef-559f-ab02-3648ab823848;7f19d515-b409-5237-b16b-8c9809905ca5;c8653f20-49a8-58b6-ab9b-c0d36fb2f58e;dc28f3f2-98f8-5af7-9619-9759683322d3;ded67067-e2e5-5d39-8121-97262ad5d565;e493de95-1ab9-5cfc-bf2e-81c17754d91a;f068d36c-d6e6-5abf-a5eb-68939f979586;f0ac8d4e-a52e-5592-9151-26cec54c0909;f6cb49e5-cad5-58b3-be56-b16dd391f14d	#D6FFEB	true
1beef7f1-d8fa-5eed-a278-3581beca457a	Heatmap Diagnostics & Session Recording	4	Ghi nhận các session sử dụng của người dùng để Designer có thể phân tích định tính chi tiết hơn sau khi release. Các tool tracking sẽ có Session Recording mặc định. Tuy nhiên cần lưu ý về chi phí tracking vì Session Recording dễ làm tăng lượng event được record.	24dd1597-be79-58d8-a29e-b5da6c299e3a;38663a21-69f7-5c91-b855-5715f8ac433d;71876896-300d-55ee-a4af-4f60a31674c9;90d6a4ec-941a-592d-ad73-d28e629361b8	#F7EEFF	true
1c8c1e52-bafb-4a4c-8d48-13e10e07ad50	Auto-tracked Event	5	Sự kiện hệ thống do SDK phân tích tự động thu thập ngầm mà không cần viết code thủ công. Auto thì tiện, nhưng thiếu property mình cần, và dễ track event rác làm tăng MTU và khó maintain khi cần cắt cost cho tracking tool	3e029235-866c-442c-acaa-d90f09763823;370f69bd-4c45-4b35-848b-e4bf1217c094;bce4aa48-117c-5f51-8102-9d6e18240213;52d59734-722b-599a-a0be-fbf3691ef3db;f068d36c-d6e6-5abf-a5eb-68939f979586;0635946c-736b-51bb-8d60-dcfba3d4342d;300fb526-5f91-50c5-8e01-599dba96f103	#F0FCF5	true
1c902b56-0ced-5e92-8035-2fbc8911190f	Product Validation	3	Quá trình kiểm chứng giả định xem khách hàng có thực sự cần và sẵn sàng sử dụng giải pháp hay không. Lưu ý: POC và MVP kiểm chứng các lớp khác nhau. Có những sản phẩm cần test POC trước, có sản phẩm lại cần MVP trước? Tùy từng mô hình và đặc thù. Dựa vào đâu để quy định	2f1c941a-c15b-57a3-a7f0-825b19510566;90d6a4ec-941a-592d-ad73-d28e629361b8;1c9cb381-b8aa-5a30-b763-a443a940ec74;2414dde8-5ed5-57b5-ae9d-620b0a777158;d46cee0f-3f30-5991-9390-1df10fc3799c;7f19d515-b409-5237-b16b-8c9809905ca5;1ee14d39-d6e6-557a-9472-77484d472de1;2b628007-55b2-4e4f-be1c-b847deb0fd16;42e55afd-83d1-4793-8896-36e34d603492;27695a8c-b0b6-42ed-8a66-855291aa7d1f	#FEFCEE	true
1c9cb381-b8aa-5a30-b763-a443a940ec74	Technology Adoption Lifecycle	5	Innovators, Early Adopters, The Chasm, Early Majority, Late Majority, Laggards.	466f4b1a-af15-5678-8c75-63dfb12515a6;d46cee0f-3f30-5991-9390-1df10fc3799c;ded9e273-9fa9-4bd2-b2e2-580554e809a5	#FFF5F5	true
1e21604f-62e6-430e-9efc-78539cab3a5a	Co-marketing	5	Hai bên cùng làm marketing | Lưu ý: Chia rõ nguồn lực | Ứng dụng: Case study, email, webinar	2c115981-c9b6-409f-ad89-ced0a6514dfb	#FFF5F5	true
1e7dc39d-0c1d-5507-8d82-e8987e4dfa5f	IDI (In-depth-interview)	3	Phỏng vấn user để hoàn thiên chân dung, vấn đề, need, motivation của họ. Từ đó xác định AC của sản phẩm và các HMW tương ứng. Học về IDI để nắm được: Khi nào cần IDI, xác định mục tiêu nghiên cứu, quy trình triển khai, phân tích kết quả và đề xuất ra các actionable insight cho sản phẩm.	303b15cc-da8e-5d01-8116-b3d6c4f61020;6dced765-3c6a-523f-9cf8-c8a0b325dd3d;7aebd62e-9aef-559f-ab02-3648ab823848;f0ac8d4e-a52e-5592-9151-26cec54c0909;c76bd68e-216a-4a0f-a234-26a196012228;3dbe52b4-1ea4-4e4b-9882-0cfdef50daaa	#FFF5CC	true
1e8be8c8-22cb-410a-96b9-2e95e3257ff7	Lean POC	5	POC tối giản, chỉ gồm phần cần thiết để trả lời giả định. Lưu ý: không đầu tư độ hoàn thiện không phục vụ phép thử. Ứng dụng: chạy local, không UI.	697d5f88-9281-56eb-87a3-b8f1d680fa04;aae4823f-dbe0-5864-9f0e-7341eb6e9caf;249fb6ef-0eda-57c8-92dc-85572bba9ca2;1b51e1b8-3089-4dcc-933a-ec72c664f19e;95861de9-7e75-4d6f-a2f1-e52cb4f755f7;91896099-b409-45ae-8491-e32ea218e53c;e79ecb1f-e73c-483d-8903-8567ba5cb127;a88b8da7-29b4-4f59-9ee2-b9ac8deb44d8	#FEECEE	true
1ee14d39-d6e6-557a-9472-77484d472de1	Continuous Integration & Continuous Delivery (CI/CD)	5	Hệ thống tích hợp liên tục và triển khai liên tục tự động kiểm thử, build và phát hành mã nguồn lên store hoặc server.	6b2c6768-764d-5590-9103-9cbd7cda2ef5;74f161e6-8a1f-5b7f-bc68-8b6697b0320b;89c019af-dc5c-4c92-96c8-ef9f44a0c277	#F0FCF5	true
1fd3ee71-8bc2-47bc-8085-03fd478e5b45	Full Scope	5	Toàn bộ chức năng có thể có của một feature. Lưu ý: không phải tất cả đều cần cho MVP. Ứng dụng: dùng làm mục tiêu dài hạn cho sản phẩm.	dc28f3f2-98f8-5af7-9619-9759683322d3;ee88b90b-0b7a-43f0-a770-bd84407802a9;d4684671-67e4-4fbd-802f-0adad55b30d1	#F0FCF5	true
2230d9c9-a087-586a-941d-d2a475c3b521	Technical Debt Management	5	Quản trị nợ kỹ thuật: Cân đối giữa tốc độ release tính năng trước mắt và chi phí maintain và scale hệ thống trong dài hạn.	74f161e6-8a1f-5b7f-bc68-8b6697b0320b;a202d87e-f2a8-513c-bfa0-335a16410f62;cfb31f14-d82c-47f2-86e1-40dae4444ade;f98e361b-7a90-4634-b33d-e96f3b16fa6a;7c4ae802-e81f-4909-8da0-7b9ad21eabc9	#F0FCF5	true
23fbe206-afe9-5a60-ab3f-2c4926e2ce35	Google HEART Framework	5	Khung đo lường trải nghiệm người dùng gồm Happiness, Engagement, Adoption, Retention, Task Success.	38663a21-69f7-5c91-b855-5715f8ac433d;95207d6d-8915-521d-9d7f-fd9f2b63eff6;953fce27-0903-5c98-84da-3ed0bb2f22e0;97c40a4b-0139-58db-bdd0-739c56ef1cf7;a4d8133d-db69-5432-b4b6-55c08a32de0a;3404d86a-fa83-504b-aaae-3dcc800c06ea	#FAF5FF	true
2414dde8-5ed5-57b5-ae9d-620b0a777158	Mobile App Lifecycle	5	Các giai đoạn chuyển đổi trạng thái của ứng dụng di động từ khởi chạy đến khi tắt hẳn.	4c1da6f4-b306-510f-a118-554748fd824a;6df7c1d7-8b50-5ba4-b6b5-1575853e964a;d867d2d9-85e0-54a3-925a-24f25464aee3;fa406b17-6b6a-474c-91b9-5f67865d4e9f;e10818b3-9647-4b5e-b247-7ed68a3a3efa	#F0FCF5	true
249fb6ef-0eda-57c8-92dc-85572bba9ca2	Prototyping	3	Tạo nguyên mẫu để validate nhanh nhu cầu người dùng, cách tiếp cận giải pháp. Vibe code cũng được, design figma cũng được.	2f1c941a-c15b-57a3-a7f0-825b19510566;8d67a5f3-f867-5cda-b258-92e659274cb6;f0ac8d4e-a52e-5592-9151-26cec54c0909;1e8be8c8-22cb-410a-96b9-2e95e3257ff7;e79ecb1f-e73c-483d-8903-8567ba5cb127;2e35806a-d2dd-4ab8-a64e-b9535c2f24de	#FFF0B8	true
24dd1597-be79-58d8-a29e-b5da6c299e3a	Product Analytics	1	Ứng dụng quy trình 12 bước quản trị dữ liệu vào để xây dựng, đo lường và đánh giá hiệu quả trải nghiệm, sản phẩm đối với các chỉ số kinh doanh, từ đó giúp doanh nghiệp tối ưu nguồn lực đúng chỗ và cắt bỏ những nguồn chi phí lãng phí cho sản phẩm và trải nghiệm	1973ed7a-8330-52ee-b8a0-84d97c08fc6b;1beef7f1-d8fa-5eed-a278-3581beca457a;3118b9e6-2c4b-5c0b-bb6a-b0a593bbff10;34b6fda6-914c-558f-8eeb-304d83529b58;38663a21-69f7-5c91-b855-5715f8ac433d;38f7030e-287e-5be5-bdb9-13264fb2651d;4592bcf2-64bb-5c9f-be55-b4648d0d6a0e;68674db2-8527-5464-a6d3-edb994f05b36;6b9904d7-4bac-5c87-a44c-c3536ef6fafe;6dced765-3c6a-523f-9cf8-c8a0b325dd3d;85490028-7acb-5864-b15c-8d4a7b5723ae;90d6a4ec-941a-592d-ad73-d28e629361b8;95207d6d-8915-521d-9d7f-fd9f2b63eff6;a3738aea-05ea-53d8-8ac6-ee0449b3141d;a4d8133d-db69-5432-b4b6-55c08a32de0a;ac6e4fbf-72b4-51b3-9599-dec7ae304abc;be1f3090-970d-58e7-b2ef-8c5b02adaf40;cbe4de80-15e0-5055-9222-3f6228806ac5;cfcd60c9-0d14-5f39-86da-a30449c8ac6a;e3c5f850-1105-5129-a5f8-8a79f8017ee4;f068d36c-d6e6-5abf-a5eb-68939f979586;f0ac8d4e-a52e-5592-9151-26cec54c0909;fe2ff027-1a1a-5178-92b7-ca4f02a76ba1;bedfc4db-b931-49ea-bedd-e0789137e4d8;c76bd68e-216a-4a0f-a234-26a196012228	#FAF5FF	true
2545db8f-ee7b-5ab6-997e-d56e212fdee9	Failure Modes & System States	5	Đặc tả đầy đủ 4 trạng thái giao diện: Default, Empty, Loading, và Error / Fallback.	4c1da6f4-b306-510f-a118-554748fd824a;64e960c7-3bc6-55ba-857b-91f91340720f;6df7c1d7-8b50-5ba4-b6b5-1575853e964a;74f161e6-8a1f-5b7f-bc68-8b6697b0320b;059a4b3d-e28c-5ec5-99e8-1be0ce819452;ae9ff296-6a60-551a-ac7c-db163cb5f6f8;fa48484b-ebcb-5b79-86ce-4399e9bc001c;9eb441ab-36d9-41e5-9ea0-792162f0b503;478e60b2-2af0-471b-8276-a4090399b06a	#F0FCF5	true
27600cab-2a7f-5e5a-9fb6-236a2680a4e3	Plan as User Journey	5	Tư duy lập kế hoạch và phân rã tính năng bám chặt vào trải nghiệm từng bước của người dùng. Việc align plan phát triển với User Journey giúp deliver những giá trị quan trọng nhất, những phần râu ria có thể defer sang các version sau.	4acb7801-b205-5761-b396-5198aec8be10;afce4b57-cf4d-5eb8-a164-34b159d196f3;b31b61c3-4083-590b-a159-051c293feca3;bf70fd86-29a8-5f7b-898d-c8bcbce7911d	#FEFCEE	true
27695a8c-b0b6-42ed-8a66-855291aa7d1f	Go / Pivot / No-go Decision	5	Khung ba kết quả sau validation: tiếp tục, đổi hướng hoặc dừng. Lưu ý: phải dựa trên tiêu chí đặt trước. Ứng dụng: chốt quyết định sau POC.	697d5f88-9281-56eb-87a3-b8f1d680fa04;1c902b56-0ced-5e92-8035-2fbc8911190f;2e35806a-d2dd-4ab8-a64e-b9535c2f24de;f0b12a7d-f6b4-4838-86bd-2c84b09d315b;bb9f28d6-2f16-44be-972f-fa0e04abad7f;dbba0e5a-fc5d-4315-ae1b-ee3d5ec15d04	#FAF5FF	true
284f64ca-4137-51ae-997f-c1a193b856d5	E-commerce Model	5	Mô hình thương mại điện tử giao dịch sản phẩm số hoặc vật lý với giỏ hàng trực tuyến.	4abcbff1-e95e-5045-b71d-c4523aff11e6;6935e1ef-563e-541c-8b6b-9e1560185cc2;6e36e687-06b2-5e95-9638-90cf43369216;0f2f385f-7ee3-4a9d-90fa-79fad13deb50	#FFF5F5	true
297a2d37-2cd8-4fbd-8de4-b95f6fc56033	Growth Equation	4	Growth = Lead × Win Rate × ACV | Lưu ý: Ba đòn bẩy chính | Ứng dụng: Chọn điểm tối ưu	38663a21-69f7-5c91-b855-5715f8ac433d;a15ed690-4712-4cd5-b814-b90ecdab897f;da05265c-928c-4a07-a947-721e4527c3b1;3aba3aef-0ea9-45a9-89c3-4f0361cda723;520e94c1-b904-4b61-a29f-b059c335cceb	#F7EEFF	true
2adb7a00-62d0-57ea-bd2b-34220cd138a3	Cognitive Load	5	gồm Intrinsic Load, Extraneous Load và Germane Load. Giảm Cognitive load sẽ giúp tăng tỷ lệ chuyển đổi, khả năng đọc hiểu, tiếp thu của user khi sử dụng sản phẩm. -> Ngon luôn!	7aebd62e-9aef-559f-ab02-3648ab823848;b3649530-10b6-52e2-8b7b-aaa7b0a4aeb8;3b7f46ff-01f3-4d1c-9492-f1b0b77c3760	#FEFCEE	true
2b628007-55b2-4e4f-be1c-b847deb0fd16	Business Validation	5	Kiểm chứng mô hình kinh doanh và khả năng duy trì sản phẩm. Lưu ý: làm được chưa chắc kinh doanh được. Ứng dụng: test pricing, kênh bán và chi phí vận hành.	de48b8f4-10b8-49b1-acf5-90ed15e3526a;1973ed7a-8330-52ee-b8a0-84d97c08fc6b;e3c5f850-1105-5129-a5f8-8a79f8017ee4;1c902b56-0ced-5e92-8035-2fbc8911190f;42e55afd-83d1-4793-8896-36e34d603492;d355a922-19cb-4cce-bd12-4c40c7704ba8	#FEFCEE	true
2b8ca6bb-9582-4016-9a1f-22bf2b7f62ee	Event Ownership	5	Nguyên tắc phân công cụ thể owner cho từng event tracking trong hệ thống. Tránh tình trạng sự kiện không có ai quản lý, chịu trách nhiệm làm giảm chất lượng dữ liệu và khó debug, maintain. Ai làm luồng nào thì chịu trách nhiệm maintain event tracking cho luồng đó: Create, Update, Deprecate luôn.	c4965be5-4020-4c6b-9ba2-1cfe87678dad;cf273422-4ebb-566c-9a63-21f3fcfbb053;ce92e344-098f-5414-a29c-957a46e9494f;efea720c-9e19-469c-9429-16d99b42d327;52d59734-722b-599a-a0be-fbf3691ef3db;bce4aa48-117c-5f51-8102-9d6e18240213;f068d36c-d6e6-5abf-a5eb-68939f979586;169ffe50-74e2-5cef-9a85-9dfb238eca18	#FAF5FF	true
2c115981-c9b6-409f-ad89-ced0a6514dfb	Joint Pipeline & Co-selling	5	Partner tạo lead, hai bên cùng bán | Lưu ý: Rõ ownership deal | Ứng dụng: Tăng Win Rate	3aba3aef-0ea9-45a9-89c3-4f0361cda723;da05265c-928c-4a07-a947-721e4527c3b1;9b7c2dc3-b84c-4936-919d-882e22ceac29;1e21604f-62e6-430e-9efc-78539cab3a5a	#FFF5F5	true
2c8639a2-0f18-5e6e-a06e-2dd3548884e5	ICE Score	5	Chấm điểm ưu tiên nhanh dựa trên ba trọng số: Impact (Tác động), Confidence (Tin cậy), Ease (Dễ làm).	38663a21-69f7-5c91-b855-5715f8ac433d;74f161e6-8a1f-5b7f-bc68-8b6697b0320b;8d50b5d1-9d47-51d5-82bc-b3a08f905c21;9af3a9fa-80f2-52ba-a7ec-04d52680ccd4	#F0FCF5	true
2d43e81d-ce1f-50ee-b5d5-90d8eca8e51a	Cohort, Segmentation & Stages	3	Phân tách nhóm người dùng theo thời gian và giai đoạn vòng đời.	be1f3090-970d-58e7-b2ef-8c5b02adaf40	#E9D5FF	true
2d977def-74a5-5b4a-8416-1b113a1a7bbb	Scenario-based Usability Tasks	5	Kịch bản UT sử dụng scenario-based giúp user thao tác tự nhiên gắn liền với bối cảnh thực tế. Luôn luôn đảm bảo kịch bản có: Mục tiêu, bối cảnh, chân dung rõ ràng cho người được UT.	4c1da6f4-b306-510f-a118-554748fd824a;57ebec75-af72-503b-823d-0535a29be836;6df7c1d7-8b50-5ba4-b6b5-1575853e964a;74f161e6-8a1f-5b7f-bc68-8b6697b0320b;a6132832-c66d-5353-9c63-368cfea31a6e	#F0FCF5	true
2e35806a-d2dd-4ab8-a64e-b9535c2f24de	Go	5	Kết quả đạt tiêu chí và có thể tiếp tục đầu tư. Lưu ý: giữ bài học, không nhất thiết giữ code POC. Sau khi quyết định Go trong POC thì sẽ chuyển sang giai đoạn MVP và tiếp tục phân tích Go / Pivot / No-go dựa trên kết quả MVP.	519088b8-16ab-5397-a508-b77776a855ed;249fb6ef-0eda-57c8-92dc-85572bba9ca2;27695a8c-b0b6-42ed-8a66-855291aa7d1f;bb9f28d6-2f16-44be-972f-fa0e04abad7f;f0b12a7d-f6b4-4838-86bd-2c84b09d315b	#FAF5FF	true
2f1c941a-c15b-57a3-a7f0-825b19510566	Hypothesis Testing	3	Các kỹ thuật kiểm định giả thuyết dựa trên thống kê suy luận	1c902b56-0ced-5e92-8035-2fbc8911190f;249fb6ef-0eda-57c8-92dc-85572bba9ca2;697d5f88-9281-56eb-87a3-b8f1d680fa04;6dced765-3c6a-523f-9cf8-c8a0b325dd3d;ac6e4fbf-72b4-51b3-9599-dec7ae304abc;f0ac8d4e-a52e-5592-9151-26cec54c0909;1b51e1b8-3089-4dcc-933a-ec72c664f19e	#FEEAA2	true
2fad2dba-1945-5a3c-bc3a-941d004698c1	Thematic Analysis	5	Phương pháp gom cụm và mã hóa chủ đề từ dữ liệu phỏng vấn định tính để đúc kết thành các nhóm nhu cầu và rào cản cốt lõi.	7aebd62e-9aef-559f-ab02-3648ab823848;f0ac8d4e-a52e-5592-9151-26cec54c0909;fb098033-23ba-54a1-b2be-ea3292579b2a	#FEFCEE	true
300fb526-5f91-50c5-8e01-599dba96f103	Cost Controls	4	Ngăn ngừa tình trạng phình to dữ liệu (data bloating) và lọc dữ liệu rác. Đặc biệt với những sản phẩm đánh mass và bật tracking các default event và session recording.	3118b9e6-2c4b-5c0b-bb6a-b0a593bbff10;556b9ba5-46b8-5183-a620-6b275356711e;9a121cfe-5180-5ac0-8c8a-60a78bc949bb;ad7ee876-ab28-552a-aa07-82aadfc0df67;ce92e344-098f-5414-a29c-957a46e9494f;1973ed7a-8330-52ee-b8a0-84d97c08fc6b;dbba0e5a-fc5d-4315-ae1b-ee3d5ec15d04;f0b12a7d-f6b4-4838-86bd-2c84b09d315b;d4684671-67e4-4fbd-802f-0adad55b30d1;370f69bd-4c45-4b35-848b-e4bf1217c094;4cbf70e3-5b77-4620-9bc5-d43891307e0e;efea720c-9e19-469c-9429-16d99b42d327;94d8bcc4-d446-43e3-936c-ee54939bc1b1	#EBF3FE	true
303b15cc-da8e-5d01-8116-b3d6c4f61020	JTBD Forces	4	Push, Pull, Anxiety & Habit	1e7dc39d-0c1d-5507-8d82-e8987e4dfa5f;6dced765-3c6a-523f-9cf8-c8a0b325dd3d;7aebd62e-9aef-559f-ab02-3648ab823848;fb098033-23ba-54a1-b2be-ea3292579b2a	#FFF9DF	true
3118b9e6-2c4b-5c0b-bb6a-b0a593bbff10	Behavioral Analytics	2	Phân tích hành vi người dùng tập trung vào các hành động thực tế của người dùng trên sản phẩm để đánh giá hiệu quả thay vì chỉ nhìn vào chân dung và nhân khẩu học. Việc phân tích hành vi giúp validate các giả định đã có, kết nối được trải nghiệm người dùng và các chỉ số sức khỏe sản phẩm.	0dd93b5e-f0e1-52a1-b376-63c76cfe5715;1b5219f1-2082-55c0-a742-a09a5bf77e29;24dd1597-be79-58d8-a29e-b5da6c299e3a;300fb526-5f91-50c5-8e01-599dba96f103;69d3f90b-ec4a-538a-aff3-70ca6b03ef1d;7f19d515-b409-5237-b16b-8c9809905ca5;a3738aea-05ea-53d8-8ac6-ee0449b3141d;ad7ee876-ab28-552a-aa07-82aadfc0df67;bce4aa48-117c-5f51-8102-9d6e18240213;ce92e344-098f-5414-a29c-957a46e9494f;cf273422-4ebb-566c-9a63-21f3fcfbb053;dbf044cb-095d-5cc3-8294-14bcf3d39143;e87054ce-119e-5c27-99ca-da227f71eace;f068d36c-d6e6-5abf-a5eb-68939f979586;fe2ff027-1a1a-5178-92b7-ca4f02a76ba1;feea6d77-0e54-5551-8011-f45f139621aa	#64E8BC	true
31693d72-4cbc-5de6-90a3-43ff17620675	Subscription Model	5	Mô hình thu tiền định kỳ theo tuần/tháng/năm đổi lấy quyền truy cập liên tục vào dịch vụ.	6935e1ef-563e-541c-8b6b-9e1560185cc2;6e36e687-06b2-5e95-9638-90cf43369216;c6183a53-e277-5951-b054-ea9c785ca4c8	#FFF5F5	true
320568e6-6d43-5d6f-b05c-d4971878eb47	Paired-Samples T-Test	5	Kiểm định so sánh số liệu trước và sau cùng trên một tập người dùng để triệt tiêu phương sai giữa các cá nhân, rất hiệu quả cho đo lường feature update.	9a295ef9-17a3-553f-aaa8-68317386a9e6;9f1d26fd-7e8a-562e-bfe6-3ea480cbcd63	#FAF5FF	true
33f69f43-01ea-4a73-bd18-ca1181ae41cf	Activation	3	User bắt đầu nhận giá trị | Lưu ý: Chọn mốc hành vi thật | Ứng dụng: Đơn đầu, hoàn tất setup	97c40a4b-0139-58db-bdd0-739c56ef1cf7;be73b65d-f6bc-46a5-97ea-5712bce6393f	#FCD5CE	true
3404d86a-fa83-504b-aaae-3dcc800c06ea	Funnel, Conversion Rate	3	Đo lường tỷ lệ chuyển đổi của một hành trình thao tác.	0635946c-736b-51bb-8d60-dcfba3d4342d;38663a21-69f7-5c91-b855-5715f8ac433d;c6183a53-e277-5951-b054-ea9c785ca4c8;18a64f03-274b-5c17-aacc-55c52efecb18;38f7030e-287e-5be5-bdb9-13264fb2651d;45c898df-38df-5e1e-ab78-ec1d6ba87e78;60d835bf-3e31-5150-982a-90d49220db06;71876896-300d-55ee-a4af-4f60a31674c9;90d6a4ec-941a-592d-ad73-d28e629361b8;97c40a4b-0139-58db-bdd0-739c56ef1cf7;a4d8133d-db69-5432-b4b6-55c08a32de0a;be1f3090-970d-58e7-b2ef-8c5b02adaf40;be73b65d-f6bc-46a5-97ea-5712bce6393f;efd1e7c7-828d-4415-b5a3-82b4767ff67f	#E9D5FF	true
34b6fda6-914c-558f-8eeb-304d83529b58	Law of Large Numbers (LLN)	4	Luật số lớn là nền tảng của thống kê & thống kê suy luận. Các phương pháp kiểm định giả thuyết sử dụng LLN như một tiền đề phát triển các kỹ thuật chứng minh.	24dd1597-be79-58d8-a29e-b5da6c299e3a;6b9904d7-4bac-5c87-a44c-c3536ef6fafe	#F7EEFF	true
366697ca-e9b6-4b41-b459-0a17267555fb	Super Property	5	Thuộc tính cấp toàn cục được SDK tự động gắn kèm vào mọi sự kiện phát sinh tiếp theo. Lưu ý: Lạm dụng quá nhiều super property sẽ làm nặng payload và tạo dữ liệu thừa. Ứng dụng: track platform, app_version, user_role, subscription_tier.	1a8fd20b-24cb-5a6f-959a-9b0360e0645f;37e66367-5ca5-44b2-b660-25f0d7d5d1a5	#F7EEFF	true
36e20b64-d341-42d1-9b2b-d78716dc6f9a	JTBD Force - Habit	3	Là sự gắn bó với cách làm hiện tại, ngay cả khi người dùng biết nó chưa tối ưu.	303b15cc-da8e-5d01-8116-b3d6c4f61020;b22ce0fc-ebfd-493e-8a77-b8fe5f510153;fb098033-23ba-54a1-b2be-ea3292579b2a;a01e1166-7a0a-47fb-8c25-ca6692e320d4;e6e617bf-414b-496a-a175-7395014016f9;6dacec09-4a08-4b3a-a87a-91bb11bcf0cf;f0ac8d4e-a52e-5592-9151-26cec54c0909;7aebd62e-9aef-559f-ab02-3648ab823848	#FFF9DF	true
370f69bd-4c45-4b35-848b-e4bf1217c094	Autocapture	5	Tính năng tự động bắt mọi tương tác click, cuộn, nhập liệu trên giao diện người dùng. Lưu ý: Tiềm ẩn nguy cơ rò rỉ dữ liệu cá nhân (PII), làm phình kho dữ liệu và tăng chi phí. Ứng dụng: Phục vụ giai đoạn khám phá hành vi ban đầu hoặc cross-check sự cố.	1c8c1e52-bafb-4a4c-8d48-13e10e07ad50;3e029235-866c-442c-acaa-d90f09763823;cc765af2-f113-4c25-9f84-6595c140794d;300fb526-5f91-50c5-8e01-599dba96f103	#F0FCF5	true
372edb69-f7a6-4941-862c-b85692a12f8b	Schema Versioning	5	Quy trình quản lý phiên bản cho cấu trúc dữ liệu sự kiện như một phần của vòng đời phần mềm. Lưu ý: Mọi thay đổi ảnh hưởng đến mức độ tương thích đều cần nâng major version và duy trì migration plan. Ứng dụng: Tránh làm sập dashboard và pipeline phân tích khi cập nhật sản phẩm.	dbf044cb-095d-5cc3-8294-14bcf3d39143	#FAF5FF	true
37e66367-5ca5-44b2-b660-25f0d7d5d1a5	Event Payload	5	Gói dữ liệu hoàn chỉnh chứa event name, timestamp, identity và các thuộc tính context. Lưu ý: Giữ dung lượng gọn, đúng kiểu dữ liệu, loại bỏ trường thừa. Ứng dụng: Đóng gói gửi tới analytics pipeline.	eeefb42b-97a0-4b59-8ce3-00ef97bec795;0635946c-736b-51bb-8d60-dcfba3d4342d	#EBF3FE	true
38663a21-69f7-5c91-b855-5715f8ac433d	Business Metrics	2	Các chỉ số đo lường quy mô, tài chính, vận hành, người dùng, hiệu quả sản phẩm mang lại cho doanh nghiệp. Cần những phương pháp luận nào để kết nối Business Metrics và Product / User Metrics?	032779f1-24e4-5df2-8133-bc25bf3846e4;036e69d1-7883-5869-9ccd-ba1b4abcb6ae;052a0b3c-55be-5c5b-abfe-517ca1801d4a;072f7438-9f0d-5071-9d0c-83fcff450bf7;18a64f03-274b-5c17-aacc-55c52efecb18;19452ecb-8274-5c6d-87b9-b658b3d1bcac;1beef7f1-d8fa-5eed-a278-3581beca457a;23fbe206-afe9-5a60-ab3f-2c4926e2ce35;24dd1597-be79-58d8-a29e-b5da6c299e3a;2c8639a2-0f18-5e6e-a06e-2dd3548884e5;3404d86a-fa83-504b-aaae-3dcc800c06ea;38f7030e-287e-5be5-bdb9-13264fb2651d;4592bcf2-64bb-5c9f-be55-b4648d0d6a0e;4abcbff1-e95e-5045-b71d-c4523aff11e6;60d835bf-3e31-5150-982a-90d49220db06;66257d73-bb90-55b2-8780-1b51efd53b79;68674db2-8527-5464-a6d3-edb994f05b36;71876896-300d-55ee-a4af-4f60a31674c9;71d2bb9d-2333-5c1d-8756-3f2239a8c424;75b03420-8577-5847-ba12-1b1984b0a5df;95207d6d-8915-521d-9d7f-fd9f2b63eff6;953fce27-0903-5c98-84da-3ed0bb2f22e0;97c40a4b-0139-58db-bdd0-739c56ef1cf7;9af3a9fa-80f2-52ba-a7ec-04d52680ccd4;9e77c845-5e28-5c83-a2b5-ab53e0196270;9ee53027-1559-553b-bd69-dce4d5b00a9a;9f1d26fd-7e8a-562e-bfe6-3ea480cbcd63;a3738aea-05ea-53d8-8ac6-ee0449b3141d;a4d8133d-db69-5432-b4b6-55c08a32de0a;b53a7898-8403-5242-b9ec-f6f705e3edec;c8760f65-fdd6-548b-a636-c4534bdff33f;ce8a0637-5a10-58df-a649-a5a82314171c;cea3c9c9-ea48-5fe1-a168-a4725f9592a3;cfcd60c9-0d14-5f39-86da-a30449c8ac6a;d867d2d9-85e0-54a3-925a-24f25464aee3;d9df7810-70d2-5360-ab05-d03752bdc2c0;de0a6d61-557f-561f-ba89-dcefe776ac07;e3c5f850-1105-5129-a5f8-8a79f8017ee4;f232a0ca-af22-5a7e-be8e-18717e89c716;f9a0a064-1087-5189-bd79-ae89c4786bd9;fe2ff027-1a1a-5178-92b7-ca4f02a76ba1;297a2d37-2cd8-4fbd-8de4-b95f6fc56033;520e94c1-b904-4b61-a29f-b059c335cceb	#EEEBFF	true
38f7030e-287e-5be5-bdb9-13264fb2651d	Conversion Mechanics	4	Cơ chế tính toán chuyển đổi của một luồng / phễu. Theo người? Theo lần? Điều kiện? Trong bao lâu? trên kênh nào? Tính toán ra sao? Dùng để đo lường Adoption được không?	24dd1597-be79-58d8-a29e-b5da6c299e3a;38663a21-69f7-5c91-b855-5715f8ac433d;71d2bb9d-2333-5c1d-8756-3f2239a8c424;0635946c-736b-51bb-8d60-dcfba3d4342d;18a64f03-274b-5c17-aacc-55c52efecb18	#F7EEFF	true
3a72a225-d74d-4664-8f12-cf7e5d412ef1	Social Proof	5	Chưa biết nó như nào nhưng nhiều người dùng thì chắc cũng uy tín đấy".	0f2707f2-d435-4d56-9ce7-41a1e25394f4;3aba3aef-0ea9-45a9-89c3-4f0361cda723;dcd30ab6-2bd4-452c-b6bb-41640872ea54;fe466197-b684-4ba5-b48e-49674e717067	#FEFCEE	true
3aba3aef-0ea9-45a9-89c3-4f0361cda723	Win Rate	5	Tỷ lệ chốt hợp đồng | Lưu ý: Là biến số tăng trưởng | Ứng dụng: Đo hiệu quả sale	297a2d37-2cd8-4fbd-8de4-b95f6fc56033;da05265c-928c-4a07-a947-721e4527c3b1;520e94c1-b904-4b61-a29f-b059c335cceb;2c115981-c9b6-409f-ad89-ced0a6514dfb;3a72a225-d74d-4664-8f12-cf7e5d412ef1	#FAF5FF	true
3b7f46ff-01f3-4d1c-9492-f1b0b77c3760	Halo & Aesthetic-Usability Effect	5	Hình thức tốt làm tăng cảm nhận dễ dùng | Lưu ý: Không thay thế chất lượng thật | Ứng dụng: UI, nội dung	2adb7a00-62d0-57ea-bd2b-34220cd138a3;cb385f15-6d14-5994-b619-4ee0a471d99c;34e4de90-9153-43b4-8237-3758865b07b7;87cf4970-f99c-44e4-8595-85ec79737ff5	#FEFCEE	true
3d7d2224-59d7-5797-95ce-e0296000fb3b	Feature to Function Decomposition	4	Phương pháp bóc tách một tính năng lớn thành các hàm nghiệp vụ, quy tắc xử lý và điều kiện kỹ thuật cụ thể của hệ thống.	0e1489cc-a5c5-530f-948f-abdca76e1d18;1b5219f1-2082-55c0-a742-a09a5bf77e29;8b5183ec-f2da-5dcc-8c33-c122bbe73760;f6cb49e5-cad5-58b3-be56-b16dd391f14d;ee88b90b-0b7a-43f0-a770-bd84407802a9;8978fd42-4f09-4514-b1d5-a99c4a999973	#E3FAED	true
3dbe52b4-1ea4-4e4b-9882-0cfdef50daaa	How Might We (HMW)	5	Câu hỏi mở dùng để định hướng ideation. Lưu ý: không nhúng sẵn một giải pháp cụ thể.	6dced765-3c6a-523f-9cf8-c8a0b325dd3d;f0ac8d4e-a52e-5592-9151-26cec54c0909;785775ff-3013-55f2-827e-ff3e720d8b2e;1e7dc39d-0c1d-5507-8d82-e8987e4dfa5f;42e55afd-83d1-4793-8896-36e34d603492;f450eaa7-f33b-4a20-8466-3535c9b34e81	#FEFCEE	true
3e029235-866c-442c-acaa-d90f09763823	Custom Event	5	Sự kiện được lập trình chủ động bám sát theo yêu cầu đo lường của Tracking Plan. Lưu ý: Là nguồn dữ liệu có độ tin cậy cao nhất phục vụ báo cáo chỉ số kinh doanh cốt lõi. Ứng dụng: Theo dõi luồng chi tiết của user, từ đó phân tích được sâu hơn.	52d59734-722b-599a-a0be-fbf3691ef3db;1c8c1e52-bafb-4a4c-8d48-13e10e07ad50;370f69bd-4c45-4b35-848b-e4bf1217c094;f068d36c-d6e6-5abf-a5eb-68939f979586	#F0FCF5	true
42cfc254-68be-5f20-89c3-d7b09fcb4526	On-Demand Model	5	Mô hình cung cấp dịch vụ tức thời đáp ứng nhu cầu phát sinh ngay lập tức của người dùng.	6935e1ef-563e-541c-8b6b-9e1560185cc2;6e36e687-06b2-5e95-9638-90cf43369216	#FFF5F5	true
42e55afd-83d1-4793-8896-36e34d603492	Solution Validation	5	Kiểm chứng giải pháp có xử lý đúng vấn đề không. Lưu ý: gắn với MVP và problem–solution fit. Ứng dụng: cho early adopters dùng core workflow.	6dced765-3c6a-523f-9cf8-c8a0b325dd3d;519088b8-16ab-5397-a508-b77776a855ed;1c902b56-0ced-5e92-8035-2fbc8911190f;aeb1cb06-3cbe-4514-a8d2-6cd47f519a23;ded9e273-9fa9-4bd2-b2e2-580554e809a5;d355a922-19cb-4cce-bd12-4c40c7704ba8;2b628007-55b2-4e4f-be1c-b847deb0fd16	#FEFCEE	true
4592bcf2-64bb-5c9f-be55-b4648d0d6a0e	Linear & Logistic Regression	5	Mô hình lượng hóa mức độ tác động của từng yếu tố độc lập lên biến mục tiêu (hồi quy tuyến tính cho giá trị số, logistic cho xác suất rời bỏ/chuyển đổi).	19452ecb-8274-5c6d-87b9-b658b3d1bcac;24dd1597-be79-58d8-a29e-b5da6c299e3a;38663a21-69f7-5c91-b855-5715f8ac433d;68674db2-8527-5464-a6d3-edb994f05b36;90d6a4ec-941a-592d-ad73-d28e629361b8;a4d8133d-db69-5432-b4b6-55c08a32de0a;b53a7898-8403-5242-b9ec-f6f705e3edec;be1f3090-970d-58e7-b2ef-8c5b02adaf40	#FAF5FF	true
45c898df-38df-5e1e-ab78-ec1d6ba87e78	Chi-Square Test of Independence	5	Kiểm định Chi bình phương độc lập: Đo lường xem hai biến định loại (như phân khúc người dùng và tỷ lệ click CTA) có liên hệ với nhau hay hoàn toàn độc lập.		#FAF5FF	true
45fffdeb-a2ef-4bcf-a51c-3e6dee14d2ca	Promotion Efficiency	5	GMV tạo ra trên chi phí promo | Lưu ý: Online có thể hiệu quả hơn sale | Ứng dụng: Tối ưu ngân sách	4abcbff1-e95e-5045-b71d-c4523aff11e6	#FAF5FF	true
466f4b1a-af15-5678-8c75-63dfb12515a6	Go-to-Market Strategy	2	Việc xác định lợi thế cạnh tranh đặc biệt của sản phẩm giúp tạo ra chiến lược GTM hiệu quả. GTM sẽ giúp trả lời với mục tiêu và nguồn lực hiện tại tôi nên phát triển sản phẩm mới ở thị trường hiện hữu hay đánh thị trường mới với sản phẩm đã có. Đặc thù của thị trường là gì và sản phẩm cần adapt như thế nào cho hiệu quả?	082e6c10-d8a0-5f93-8bd1-b6465e4d3ec4;1973ed7a-8330-52ee-b8a0-84d97c08fc6b;1c9cb381-b8aa-5a30-b763-a443a940ec74;47b09a77-6b11-581b-a3cd-ab92c1f781e5;615a1800-9780-5dbf-bb4c-bdd343109402;85490028-7acb-5864-b15c-8d4a7b5723ae;bd606838-d561-5f77-a788-7dc486e1afde;c32f3ddf-e641-5b94-8a54-29c07fac840f;d28dfef7-2470-561e-8f25-8ccca2d713b9;d46cee0f-3f30-5991-9390-1df10fc3799c;fffa7201-dd8d-524a-81a8-4d46acc6e421;d355a922-19cb-4cce-bd12-4c40c7704ba8;fe466197-b684-4ba5-b48e-49674e717067;af240e98-d04c-420f-a4dd-2789a64fca88	#FBC4AB	true
476213b5-7b9a-57c1-b3f4-76fcfc583cd1	Design Delivery & Hand-off	3	Tiêu chuẩn đóng gói và bàn giao bản vẽ UI/UX. Nhiều công ty bây giờ yêu cầu designer vibe-design và push code lên branch của công ty luôn rồi. Thay vì design trên figma thì giờ canvas của designer là IDE.	4c1da6f4-b306-510f-a118-554748fd824a;6df7c1d7-8b50-5ba4-b6b5-1575853e964a;785775ff-3013-55f2-827e-ff3e720d8b2e;992b408a-e8d8-5080-87b0-db5bfec7ee3c;c8653f20-49a8-58b6-ab9b-c0d36fb2f58e;0ed8c417-4f1e-57ae-8745-83150457fa1f;64e960c7-3bc6-55ba-857b-91f91340720f;74f161e6-8a1f-5b7f-bc68-8b6697b0320b;785fbae6-e4b0-5a85-9378-89fb9c83a906;cb385f15-6d14-5994-b619-4ee0a471d99c;ded67067-e2e5-5d39-8121-97262ad5d565	#BFF0D4	true
477bae77-cb16-5a68-a846-3ef20af872e6	MoSCoW	5	Phương pháp phân định phạm vi backlog thành Must-have, Should-have, Could-have và Won't-have. Thực ra phương pháp này sẽ phù hợp nếu nghiệp vụ sản phẩm rõ ràng. Còn áp dụng vào SaaS thì cần phải linh hoạt kết hợp với các phương pháp đánh giá impact khác thì mới biết đâu là Must Have thực sự.	74f161e6-8a1f-5b7f-bc68-8b6697b0320b;8d50b5d1-9d47-51d5-82bc-b3a08f905c21	#F0FCF5	true
47b09a77-6b11-581b-a3cd-ab92c1f781e5	Defensibility	5	Khả năng phòng thủ ngăn chặn đối thủ sao chép thông qua dữ liệu độc quyền, IP và rào cản công nghệ.	466f4b1a-af15-5678-8c75-63dfb12515a6;615a1800-9780-5dbf-bb4c-bdd343109402;6935e1ef-563e-541c-8b6b-9e1560185cc2;6e36e687-06b2-5e95-9638-90cf43369216;cbe4de80-15e0-5055-9222-3f6228806ac5;d28dfef7-2470-561e-8f25-8ccca2d713b9;e3c5f850-1105-5129-a5f8-8a79f8017ee4;bd606838-d561-5f77-a788-7dc486e1afde;7f19d515-b409-5237-b16b-8c9809905ca5;1973ed7a-8330-52ee-b8a0-84d97c08fc6b;85490028-7acb-5864-b15c-8d4a7b5723ae	#FFF5F5	true
4835b5d1-b770-4e17-bb59-7eca3b7a6be2	Email Marketing	5	Nuôi dưỡng user qua email | Lưu ý: Cần đúng segment | Ứng dụng: Lead nurturing	da05265c-928c-4a07-a947-721e4527c3b1;082e6c10-d8a0-5f93-8bd1-b6465e4d3ec4	#FAF5FF	true
4abcbff1-e95e-5045-b71d-c4523aff11e6	GMV (Gross Merchandise Value)	5	Tổng giá trị tiền tệ của hàng hóa/dịch vụ được giao dịch thành công qua nền tảng trong một kỳ.	284f64ca-4137-51ae-997f-c1a193b856d5;38663a21-69f7-5c91-b855-5715f8ac433d;e1b028eb-0017-5736-979c-3f670814fb5d;9f5edd88-7abc-4675-826d-f3809074ab28;45fffdeb-a2ef-4bcf-a51c-3e6dee14d2ca	#FAF5FF	true
4acb7801-b205-5761-b396-5198aec8be10	Red route	5	Xác định các luồng nghiệp vụ quan trọng nhất mà phần lớn người dùng thực hiện thường xuyên nhất.	27600cab-2a7f-5e5a-9fb6-236a2680a4e3;4f8c668f-447a-5189-8260-6685c449dc2a;74f161e6-8a1f-5b7f-bc68-8b6697b0320b	#F0FCF5	true
4baa12cd-57dd-5f10-bcf4-72931c57b238	Digital Accessibility	5	Nguyên lý thiết kế sản phẩm số hòa nhập giúp mọi người dùng kể cả người khuyết tật đều sử dụng được.	169ffe50-74e2-5cef-9a85-9dfb238eca18;4c1da6f4-b306-510f-a118-554748fd824a;6df7c1d7-8b50-5ba4-b6b5-1575853e964a;74f161e6-8a1f-5b7f-bc68-8b6697b0320b;7bd20bbf-d51d-52ca-9cec-62cbfd337c63;fa48484b-ebcb-5b79-86ce-4399e9bc001c;59cfa57e-816c-4519-a041-b262912c8786;77e06cb2-2d8c-45b5-b424-a320bc95f90e;5e828ea5-af0c-400c-8c33-e2962e115577;9655802a-aef2-40a6-a56f-316255c2ab17;434c07c7-1294-427e-af01-10bba924c7f7;f72c72e2-36ac-4133-abaa-9f6ed1ae8fab	#F0FCF5	true
4c1da6f4-b306-510f-a118-554748fd824a	Vibe Design	3	Quy trình thiết kế design system, chuẩn hóa UI, interaction, bàn giao front-end và handle edge-case, fallback... Các công cụ & các bước vibe design. Giải quyết các vấn đề tính thẩm mỹ của Vibe Design thông qua quy trình triển khai và kiểm soát đầu ra.	03d12942-cf0a-501d-9615-b30bce39717d;059a4b3d-e28c-5ec5-99e8-1be0ce819452;0664976c-40dc-5a6b-a640-bd948530a965;0e1489cc-a5c5-530f-948f-abdca76e1d18;0ed8c417-4f1e-57ae-8745-83150457fa1f;163abd11-3f32-5b64-a949-6ddfa0c09f00;169ffe50-74e2-5cef-9a85-9dfb238eca18;1a93daca-28e4-568a-9f92-2e0b7decd9cd;1b5219f1-2082-55c0-a742-a09a5bf77e29;2414dde8-5ed5-57b5-ae9d-620b0a777158;2545db8f-ee7b-5ab6-997e-d56e212fdee9;2d977def-74a5-5b4a-8416-1b113a1a7bbb;476213b5-7b9a-57c1-b3f4-76fcfc583cd1;4baa12cd-57dd-5f10-bcf4-72931c57b238;57ebec75-af72-503b-823d-0535a29be836;64e960c7-3bc6-55ba-857b-91f91340720f;6df7c1d7-8b50-5ba4-b6b5-1575853e964a;756cf27c-72c2-549f-9e60-7dc25a942f19;785fbae6-e4b0-5a85-9378-89fb9c83a906;7bd20bbf-d51d-52ca-9cec-62cbfd337c63;7f19d515-b409-5237-b16b-8c9809905ca5;ae9ff296-6a60-551a-ac7c-db163cb5f6f8;afce4b57-cf4d-5eb8-a164-34b159d196f3;b3649530-10b6-52e2-8b7b-aaa7b0a4aeb8;bdd6c97d-4c0c-5290-b197-a1a2e53fcaa6;c8653f20-49a8-58b6-ab9b-c0d36fb2f58e;cb385f15-6d14-5994-b619-4ee0a471d99c;dcd659ed-03ce-5770-a1d2-7f7c82993b4c;ded67067-e2e5-5d39-8121-97262ad5d565;e493de95-1ab9-5cfc-bf2e-81c17754d91a;f6cb49e5-cad5-58b3-be56-b16dd391f14d;fa48484b-ebcb-5b79-86ce-4399e9bc001c;da615394-1e34-4f54-83a4-fb99bbdcc5e4;34e4de90-9153-43b4-8237-3758865b07b7;7cea8bda-c63f-496e-a5b0-a5cb9f63dff3;cfb9ca6a-eb21-4b75-ab32-7c987c237aa5;47bc3049-230f-44da-92ab-b7bfdb963fe1;87cf4970-f99c-44e4-8595-85ec79737ff5;54494c5f-8b56-4192-924c-4e8aeb8f6482	#A7E8C8	true
4c5efa39-9183-40b9-9f3b-f91b4fe4007c	Decision-making Aspects	5	Các yếu tố ảnh hưởng quyết định như alternatives, uncertainty, complexity, interpersonal issues và hậu quả rủi ro cao. Lưu ý: mức độ phân tích cần tương xứng rủi ro. Ứng dụng: chọn cách ra quyết định trước khi build.	a202d87e-f2a8-513c-bfa0-335a16410f62;e6060c54-7a2e-5c45-ad09-25a05771bd87;536405a6-996d-429d-9ea0-b4c7beab04bd;cbdc645c-f6cb-4314-99c9-7dc2db9845b7;f98e361b-7a90-4634-b33d-e96f3b16fa6a;76ec05cf-a6cd-4ad8-a3d3-9806898f49ae	#FAF5FF	true
4cbf70e3-5b77-4620-9bc5-d43891307e0e	Event Tracking Monitoring	5	Hệ thống giám sát vận hành liên tục chỉ số volume sự kiện, tỷ lệ lỗi và cảnh báo bất thường sau khi release. Lưu ý: Thiết lập ngưỡng cảnh báo tự động khi số lượng sự kiện tăng đột biến hoặc sụt giảm bất thường. Ứng dụng: Phát hiện và xử lý kịp thời các sự cố gãy vỡ tracking.	ad7ee876-ab28-552a-aa07-82aadfc0df67;bce4aa48-117c-5f51-8102-9d6e18240213;300fb526-5f91-50c5-8e01-599dba96f103	#FEECEE	true
4d20ff6e-b4a4-5f4e-b279-16ccda8f7062	Customer Relationships	5	Cơ chế duy trì tương tác, chăm sóc và gắn kết khách hàng với thương hiệu.	b53a7898-8403-5242-b9ec-f6f705e3edec	#FFF5F5	true
4e2d1fbe-c78c-50a0-b698-9fa9494d4efe	Probability vs Non-Probability Sampling	4	Bản đồ chọn mẫu: Mẫu xác suất (ngẫu nhiên, phân tầng) để suy luận tổng thể vs Mẫu phi xác suất (có chủ đích, định ngạch) để đào sâu định tính.	12ba622f-5661-5f36-a180-313dac342c43;6dced765-3c6a-523f-9cf8-c8a0b325dd3d;7aebd62e-9aef-559f-ab02-3648ab823848;bfec9619-309b-58aa-8ff8-2b7dcd0afd74;f45e3fdb-77df-5a5e-8937-f4ce27fdd9e4	#FFF9DF	true
4f8c668f-447a-5189-8260-6685c449dc2a	Impact-Effort Balancing & Core Routes	4	Cách chọn Quick Wins và tập trung vào các luồng core của sản phẩm. Từ đó xác định được MVP và scope cho từng lần release.	1b5219f1-2082-55c0-a742-a09a5bf77e29;4acb7801-b205-5761-b396-5198aec8be10;683fb73e-3666-5c8e-8579-84e84269177e;74f161e6-8a1f-5b7f-bc68-8b6697b0320b	#E3FAED	true
5128d90e-371b-529e-9931-f9cbb5bbba5f	Licensing Model	5	Mô hình cấp quyền sở hữu trí tuệ, bản quyền phần mềm hoặc bằng sáng chế cho bên thứ ba.	6935e1ef-563e-541c-8b6b-9e1560185cc2;6e36e687-06b2-5e95-9638-90cf43369216	#FFF5F5	true
519088b8-16ab-5397-a508-b77776a855ed	MVP	5	Phiên bản sản phẩm tối thiểu mang lại giá trị giải quyết vấn đề cốt lõi để nhận phản hồi thực tế từ người dùng.	aae4823f-dbe0-5864-9f0e-7341eb6e9caf;e6060c54-7a2e-5c45-ad09-25a05771bd87;f450eaa7-f33b-4a20-8466-3535c9b34e81;de607db4-f593-48ed-88e9-0aa8cbf6511f;42e55afd-83d1-4793-8896-36e34d603492;2e35806a-d2dd-4ab8-a64e-b9535c2f24de;ded9e273-9fa9-4bd2-b2e2-580554e809a5;aeb1cb06-3cbe-4514-a8d2-6cd47f519a23;bedfc4db-b931-49ea-bedd-e0789137e4d8	#FEFCEE	true
520e94c1-b904-4b61-a29f-b059c335cceb	Annual Contract Value (ACV)	5	Giá trị hợp đồng trung bình năm | Lưu ý: Chuẩn hóa ACV | Ứng dụng: Ước tính doanh thu	297a2d37-2cd8-4fbd-8de4-b95f6fc56033;38663a21-69f7-5c91-b855-5715f8ac433d;e3c5f850-1105-5129-a5f8-8a79f8017ee4;3aba3aef-0ea9-45a9-89c3-4f0361cda723	#FAF5FF	true
52d59734-722b-599a-a0be-fbf3691ef3db	Event Tracking Plan	5	Tài liệu đặc tả toàn bộ sự kiện cần gắn mã, thuộc tính đi kèm, vị trí kích hoạt và mục đích phân tích kinh doanh.	0dd93b5e-f0e1-52a1-b376-63c76cfe5715;69d3f90b-ec4a-538a-aff3-70ca6b03ef1d;afce4b57-cf4d-5eb8-a164-34b159d196f3;bb4005ce-aeaa-586d-968c-6428ec5ac661;bce4aa48-117c-5f51-8102-9d6e18240213;ce92e344-098f-5414-a29c-957a46e9494f;cf273422-4ebb-566c-9a63-21f3fcfbb053;dbf044cb-095d-5cc3-8294-14bcf3d39143;feea6d77-0e54-5551-8011-f45f139621aa;3e029235-866c-442c-acaa-d90f09763823	#F3F8FF	true
536405a6-996d-429d-9ea0-b4c7beab04bd	One-way Door	5	Quyết định khó hoặc rất đắt để đảo ngược. Khi xác định được One-way Door sẽ dễ dàng để đặt scope của MVP và giảm tech-debt về sau.	85490028-7acb-5864-b15c-8d4a7b5723ae;b31b61c3-4083-590b-a159-051c293feca3;cbdc645c-f6cb-4314-99c9-7dc2db9845b7;4c5efa39-9183-40b9-9f3b-f91b4fe4007c;7c4ae802-e81f-4909-8da0-7b9ad21eabc9	#FAF5FF	true
550caa4e-1abd-5b0b-94df-e5bfc566b689	GA4 / Firebase	5	Nền tảng phân tích sự kiện đa nền tảng của Google dành cho cả Web và ứng dụng di động.	0dd93b5e-f0e1-52a1-b376-63c76cfe5715;a456d4c5-1db8-5931-b91d-96268ce5e577;bce4aa48-117c-5f51-8102-9d6e18240213;ce92e344-098f-5414-a29c-957a46e9494f;dbf044cb-095d-5cc3-8294-14bcf3d39143;df3d0c18-a108-5c38-8e94-ed22df3de949;feea6d77-0e54-5551-8011-f45f139621aa	#F3F8FF	true
556b9ba5-46b8-5183-a620-6b275356711e	MTU (Monthly Tracked Users)	5	Chỉ số tổng số người dùng duy nhất được theo dõi trong tháng, căn cứ tính giá của các công cụ analytics.	300fb526-5f91-50c5-8e01-599dba96f103;ad7ee876-ab28-552a-aa07-82aadfc0df67;ce92e344-098f-5414-a29c-957a46e9494f	#F3F8FF	true
57ebec75-af72-503b-823d-0535a29be836	Think-Aloud Usability Protocol	5	Quy thức đề nghị người dùng liên tục nói to suy nghĩ trong đầu khi thực hiện bài kiểm thử, giúp bộc lộ các điểm hiểu lầm mô hình nhận thức.	2d977def-74a5-5b4a-8416-1b113a1a7bbb;4c1da6f4-b306-510f-a118-554748fd824a;6df7c1d7-8b50-5ba4-b6b5-1575853e964a;74f161e6-8a1f-5b7f-bc68-8b6697b0320b	#F0FCF5	true
59189e2d-a73d-5f5c-899b-f00961197e83	Feature Flags / Toggles	5	Cơ chế kỹ thuật cho phép bật/tắt hoặc phân phối tính năng cho từng tệp người dùng mà không cần triển khai lại code.	032779f1-24e4-5df2-8133-bc25bf3846e4;74f161e6-8a1f-5b7f-bc68-8b6697b0320b;afce4b57-cf4d-5eb8-a164-34b159d196f3;cbdc645c-f6cb-4314-99c9-7dc2db9845b7;fa406b17-6b6a-474c-91b9-5f67865d4e9f	#F0FCF5	true
5a2612bc-1a4d-5677-af2f-2d3e79855b72	Feature Adoption Rate	5	Tỷ lệ người dùng tích cực tương tác với một tính năng mới ra mắt trên tổng tệp người dùng active.	be1f3090-970d-58e7-b2ef-8c5b02adaf40;ee88b90b-0b7a-43f0-a770-bd84407802a9	#FAF5FF	true
60126ebd-01b9-5c9c-9eeb-8d61e8b41440	New User Return Rate (NURR)	5	Tỷ lệ quay lại của người dùng mới trong tuần đầu sau khi đăng ký hoặc kích hoạt.	8bcad5ef-8862-53bd-bfc6-481293039caa;be1f3090-970d-58e7-b2ef-8c5b02adaf40;ccf145c9-b1fd-559b-a1cb-e4881d49c0dc	#FAF5FF	true
60d835bf-3e31-5150-982a-90d49220db06	Bounce	5	Product và Product Marketing sẽ làm gì nếu Bounce tăng mạnh khi đang tập trung vào acquision?. Bounce phản ánh sự hụt hẫng giữa kỳ vọng bên ngoài và trải nghiệm thực tế, thể hiện khoảng gap giữa Product Delivery và Product Marketing. Trong trường hợp này cần làm gì? Tập trung phân tích nguyên nhân và đề xuất giải pháp.	38663a21-69f7-5c91-b855-5715f8ac433d;90d6a4ec-941a-592d-ad73-d28e629361b8;a4d8133d-db69-5432-b4b6-55c08a32de0a;be1f3090-970d-58e7-b2ef-8c5b02adaf40;a3738aea-05ea-53d8-8ac6-ee0449b3141d;1ee14d39-d6e6-557a-9472-77484d472de1;476213b5-7b9a-57c1-b3f4-76fcfc583cd1;7f19d515-b409-5237-b16b-8c9809905ca5;95207d6d-8915-521d-9d7f-fd9f2b63eff6;cea3c9c9-ea48-5fe1-a168-a4725f9592a3;ce8a0637-5a10-58df-a649-a5a82314171c;cfcd60c9-0d14-5f39-86da-a30449c8ac6a;f232a0ca-af22-5a7e-be8e-18717e89c716;e493de95-1ab9-5cfc-bf2e-81c17754d91a	#FAF5FF	true
615a1800-9780-5dbf-bb4c-bdd343109402	Network Effect	5	Hiện tượng giá trị của sản phẩm hoặc dịch vụ gia tăng khi có thêm nhiều người cùng sử dụng.	466f4b1a-af15-5678-8c75-63dfb12515a6;47b09a77-6b11-581b-a3cd-ab92c1f781e5;6935e1ef-563e-541c-8b6b-9e1560185cc2;6e36e687-06b2-5e95-9638-90cf43369216;c32f3ddf-e641-5b94-8a54-29c07fac840f;cbe4de80-15e0-5055-9222-3f6228806ac5;e1b028eb-0017-5736-979c-3f670814fb5d;e3c5f850-1105-5129-a5f8-8a79f8017ee4	#FFF5F5	true
61c1a2d4-808b-5e8b-81a8-03d13a50a4da	Dual-Track Agile	5	Mô hình vận hành song song: Trong Agile, Discovery và Delivery cần alignment về tiến độ và thời điểm triển khai đồng thời, từ đó không tốn thời gian chờ đợi.	0dfe1430-033f-5cba-bb53-f9d2a61537f8;7aebd62e-9aef-559f-ab02-3648ab823848	#FEFCEE	true
6407c0aa-5958-4d52-a813-b3d6557e894f	High-Margin product	5	Các sản phẩm có biên lợi nhuận cao, cần tối ưu đẩy mạnh bán các sản phẩm có margin-cao từ đó tối ưu được doanh thu và lợi nhuận của sản phẩm.	9f5edd88-7abc-4675-826d-f3809074ab28;d70d4d02-d98b-4da7-9fe8-9ee7ee17815c	#FAF5FF	true
64e960c7-3bc6-55ba-857b-91f91340720f	Design Spec 4 Pillars	4	Bốn thành phần cốt lõi của hồ sơ bàn giao thiết kế: User flows, Visual specs, Edge cases, và Tracking specs.	0ed8c417-4f1e-57ae-8745-83150457fa1f;1b5219f1-2082-55c0-a742-a09a5bf77e29;2545db8f-ee7b-5ab6-997e-d56e212fdee9;4c1da6f4-b306-510f-a118-554748fd824a;6df7c1d7-8b50-5ba4-b6b5-1575853e964a;74f161e6-8a1f-5b7f-bc68-8b6697b0320b;7f19d515-b409-5237-b16b-8c9809905ca5;c8653f20-49a8-58b6-ab9b-c0d36fb2f58e;bdca8662-7ba2-4bc9-80f7-1ea3b4803b42	#E3FAED	true
66257d73-bb90-55b2-8780-1b51efd53b79	DAU/MAU Ratio	5	Tỷ lệ gắn kết (Stickiness) thể hiện mức độ người dùng quay lại sử dụng sản phẩm hàng ngày.	38663a21-69f7-5c91-b855-5715f8ac433d;c8760f65-fdd6-548b-a636-c4534bdff33f;f9a0a064-1087-5189-bd79-ae89c4786bd9	#FAF5FF	true
683fb73e-3666-5c8e-8579-84e84269177e	Value vs Effort Matrix	5	Ma trận 2x2 phân loại công việc theo giá trị tạo ra so với mức độ phức tạp để chọn Quick Wins.	4f8c668f-447a-5189-8260-6685c449dc2a;74f161e6-8a1f-5b7f-bc68-8b6697b0320b;e690731e-46de-5c30-8da2-8d8db7069768	#F0FCF5	true
68674db2-8527-5464-a6d3-edb994f05b36	Correlation vs Causation	4	Quy luật vàng 'Tương quan không phải là Nhân quả': Hai chỉ số cùng tăng hoặc giảm không chứng minh hành vi này là nguyên nhân sinh ra hành vi kia.	072f7438-9f0d-5071-9d0c-83fcff450bf7;19452ecb-8274-5c6d-87b9-b658b3d1bcac;24dd1597-be79-58d8-a29e-b5da6c299e3a;38663a21-69f7-5c91-b855-5715f8ac433d;4592bcf2-64bb-5c9f-be55-b4648d0d6a0e;90d6a4ec-941a-592d-ad73-d28e629361b8;9a295ef9-17a3-553f-aaa8-68317386a9e6;a4d8133d-db69-5432-b4b6-55c08a32de0a;be1f3090-970d-58e7-b2ef-8c5b02adaf40	#F7EEFF	true
6935e1ef-563e-541c-8b6b-9e1560185cc2	Revenue Models	2	Nghiên cứu để xác định các mô hình kiếm tiền cho sản phẩm: Trong bối cảnh / đặc thù nào thì nên lựa chọn từng mô hình doanh thu cụ thể? Từ đó xây dựng chính sách bán, chiết khấu, kênh bán vào bảng giá phù hợp - từ đó giúp tăng CLV và giảm chi phí CAC.	018a9d24-41b1-5d11-be1c-1107c308bf1d;03ce05be-d860-5ef1-b7a4-13f2d08bf9a0;0a8ecd04-04f8-52a5-b069-9f6aa3a2f41e;0f2bd824-4ff2-5fed-9ea7-9dba2a54304d;1973ed7a-8330-52ee-b8a0-84d97c08fc6b;284f64ca-4137-51ae-997f-c1a193b856d5;31693d72-4cbc-5de6-90a3-43ff17620675;42cfc254-68be-5f20-89c3-d7b09fcb4526;47b09a77-6b11-581b-a3cd-ab92c1f781e5;5128d90e-371b-529e-9931-f9cbb5bbba5f;615a1800-9780-5dbf-bb4c-bdd343109402;6e36e687-06b2-5e95-9638-90cf43369216;82c30d6c-4e9f-5590-b3eb-8dcd3d8dc04b;85490028-7acb-5864-b15c-8d4a7b5723ae;89e83649-a251-52b2-87bf-46ff74911fad;c6183a53-e277-5951-b054-ea9c785ca4c8;e1b028eb-0017-5736-979c-3f670814fb5d;ebe647a4-f352-5bab-8880-e71870bcc443;ff838f41-458b-47bf-9610-8ef611249009	#FBC4AB	true
697d5f88-9281-56eb-87a3-b8f1d680fa04	Proof of Concept	5	Bản thử nghiệm nhỏ nhằm chứng minh tính khả thi kỹ thuật hoặc thuật toán cốt lõi của giải pháp.	2f1c941a-c15b-57a3-a7f0-825b19510566;b3a75a02-2f25-5ef1-8215-137405bc70eb;1b51e1b8-3089-4dcc-933a-ec72c664f19e;95861de9-7e75-4d6f-a2f1-e52cb4f755f7;bb9f28d6-2f16-44be-972f-fa0e04abad7f;dbba0e5a-fc5d-4315-ae1b-ee3d5ec15d04;1e8be8c8-22cb-410a-96b9-2e95e3257ff7;91896099-b409-45ae-8491-e32ea218e53c;e79ecb1f-e73c-483d-8903-8567ba5cb127;a88b8da7-29b4-4f59-9ee2-b9ac8deb44d8;27695a8c-b0b6-42ed-8a66-855291aa7d1f	#FEFCEE	true
69d3f90b-ec4a-538a-aff3-70ca6b03ef1d	Event vs Trigger vs Property	3	Bộ ba cốt lõi của event tracking: Event ↔ Trigger ↔ Properties. Để collect được Event thì nên sử dụng Trigger nào? Và Trigger tác động như thế nào đến tên gọi của event và các property có trong event?	0635946c-736b-51bb-8d60-dcfba3d4342d;0dd93b5e-f0e1-52a1-b376-63c76cfe5715;3118b9e6-2c4b-5c0b-bb6a-b0a593bbff10;52d59734-722b-599a-a0be-fbf3691ef3db;a456d4c5-1db8-5931-b91d-96268ce5e577;bb4005ce-aeaa-586d-968c-6428ec5ac661;bce4aa48-117c-5f51-8102-9d6e18240213;ce92e344-098f-5414-a29c-957a46e9494f;dbf044cb-095d-5cc3-8294-14bcf3d39143;f068d36c-d6e6-5abf-a5eb-68939f979586;feea6d77-0e54-5551-8011-f45f139621aa	#DBEAFE	true
6a2d59eb-47e0-5060-8b96-6ceb28d257c0	Cohort Analysis	5	Phương pháp phân tích nhóm người dùng có chung một đặc tính xuất phát để theo dõi biến đổi hành vi theo thời gian.	be1f3090-970d-58e7-b2ef-8c5b02adaf40	#FAF5FF	true
6b2c6768-764d-5590-9103-9cbd7cda2ef5	Product Development Cycle	5	Chu kỳ toàn diện phát triển tính năng từ ý tưởng, thiết kế, lập trình, kiểm thử đến phát hành.	1ee14d39-d6e6-557a-9472-77484d472de1;74f161e6-8a1f-5b7f-bc68-8b6697b0320b	#F0FCF5	true
6b9904d7-4bac-5c87-a44c-c3536ef6fafe	Central Limit Theorem (CLT)	4	Với cỡ mẫu đủ lớn (n ≥ 30), phân phối trung bình mẫu luôn xấp xỉ phân phối chuẩn, làm cơ sở khoa học cho các phép kiểm định T-test và A/B testing.	24dd1597-be79-58d8-a29e-b5da6c299e3a;34b6fda6-914c-558f-8eeb-304d83529b58;9f1d26fd-7e8a-562e-bfe6-3ea480cbcd63	#F7EEFF	true
6c0b7cfc-d596-5af9-803f-9bdbc6a0834a	Event Deduplication Logic	5	Thuật toán lọc và loại bỏ các bản ghi sự kiện trùng lặp nhằm đảm bảo tính toàn vẹn dữ liệu.	bce4aa48-117c-5f51-8102-9d6e18240213;8e8530e6-b1cd-4ad5-94d4-df782db1018b;00dc0b4c-2200-407d-8e0f-b9247d847467	#F3F8FF	true
6cb117b5-ff19-5ab9-9a2d-c2af14028402	S.M.A.R.T method	5	Nguyên tắc thiết lập mục tiêu: Specific, Measurable, Achievable, Relevant, Time-bound.	74f161e6-8a1f-5b7f-bc68-8b6697b0320b;ce8a0637-5a10-58df-a649-a5a82314171c	#F0FCF5	true
6dacec09-4a08-4b3a-a87a-91bb11bcf0cf	JTBD Force - Anxiety	3	Là những rủi ro hoặc bất an khi chuyển sang giải pháp mới.	303b15cc-da8e-5d01-8116-b3d6c4f61020;b22ce0fc-ebfd-493e-8a77-b8fe5f510153;fb098033-23ba-54a1-b2be-ea3292579b2a;a01e1166-7a0a-47fb-8c25-ca6692e320d4;e6e617bf-414b-496a-a175-7395014016f9;36e20b64-d341-42d1-9b2b-d78716dc6f9a;f0ac8d4e-a52e-5592-9151-26cec54c0909;7aebd62e-9aef-559f-ab02-3648ab823848	#FFF9DF	true
6dced765-3c6a-523f-9cf8-c8a0b325dd3d	Problem Validation	1	Trong rất nhiều vấn đề mà chiến lược chỉ ra, đâu mới là vấn đề cần và đáng để giải quyết?. Xác định vấn đề của người dùng & kiểm chứng vấn đề trên quy mô nhỏ như thế nào trước khi đầu tư nguồn lực để phát triển trên diện rộng?	1973ed7a-8330-52ee-b8a0-84d97c08fc6b;1b5219f1-2082-55c0-a742-a09a5bf77e29;1e7dc39d-0c1d-5507-8d82-e8987e4dfa5f;24dd1597-be79-58d8-a29e-b5da6c299e3a;2f1c941a-c15b-57a3-a7f0-825b19510566;303b15cc-da8e-5d01-8116-b3d6c4f61020;4e2d1fbe-c78c-50a0-b698-9fa9494d4efe;785775ff-3013-55f2-827e-ff3e720d8b2e;7aebd62e-9aef-559f-ab02-3648ab823848;7f19d515-b409-5237-b16b-8c9809905ca5;85490028-7acb-5864-b15c-8d4a7b5723ae;90d6a4ec-941a-592d-ad73-d28e629361b8;a3738aea-05ea-53d8-8ac6-ee0449b3141d;a6132832-c66d-5353-9c63-368cfea31a6e;af8f3678-cf79-5d7a-a2ff-4d149d514179;b31b61c3-4083-590b-a159-051c293feca3;b3a75a02-2f25-5ef1-8215-137405bc70eb;bf70fd86-29a8-5f7b-898d-c8bcbce7911d;bfec9619-309b-58aa-8ff8-2b7dcd0afd74;c184434e-b278-5e08-a49b-4e43c0fbaa83;c2d701a3-3824-5cc7-b5c6-47f267a6b1a8;e6060c54-7a2e-5c45-ad09-25a05771bd87;f0ac8d4e-a52e-5592-9151-26cec54c0909;42e55afd-83d1-4793-8896-36e34d603492;aeb1cb06-3cbe-4514-a8d2-6cd47f519a23;3dbe52b4-1ea4-4e4b-9882-0cfdef50daaa	#F9D56E	true
6df7c1d7-8b50-5ba4-b6b5-1575853e964a	Design Interaction	3	Thiết kế tương tác phụ thuộc vào concept, thiết bị nhập liệu, nghiệp vụ sản phẩm & chân dung người dùng.	03d12942-cf0a-501d-9615-b30bce39717d;0664976c-40dc-5a6b-a640-bd948530a965;0e1489cc-a5c5-530f-948f-abdca76e1d18;0ed8c417-4f1e-57ae-8745-83150457fa1f;163abd11-3f32-5b64-a949-6ddfa0c09f00;169ffe50-74e2-5cef-9a85-9dfb238eca18;1a93daca-28e4-568a-9f92-2e0b7decd9cd;1b5219f1-2082-55c0-a742-a09a5bf77e29;2414dde8-5ed5-57b5-ae9d-620b0a777158;2545db8f-ee7b-5ab6-997e-d56e212fdee9;2d977def-74a5-5b4a-8416-1b113a1a7bbb;476213b5-7b9a-57c1-b3f4-76fcfc583cd1;4baa12cd-57dd-5f10-bcf4-72931c57b238;4c1da6f4-b306-510f-a118-554748fd824a;57ebec75-af72-503b-823d-0535a29be836;64e960c7-3bc6-55ba-857b-91f91340720f;785fbae6-e4b0-5a85-9378-89fb9c83a906;7bd20bbf-d51d-52ca-9cec-62cbfd337c63;7f19d515-b409-5237-b16b-8c9809905ca5;afce4b57-cf4d-5eb8-a164-34b159d196f3;b3649530-10b6-52e2-8b7b-aaa7b0a4aeb8;bdd6c97d-4c0c-5290-b197-a1a2e53fcaa6;c8653f20-49a8-58b6-ab9b-c0d36fb2f58e;cb385f15-6d14-5994-b619-4ee0a471d99c;dcd659ed-03ce-5770-a1d2-7f7c82993b4c;ded67067-e2e5-5d39-8121-97262ad5d565;e493de95-1ab9-5cfc-bf2e-81c17754d91a;f6cb49e5-cad5-58b3-be56-b16dd391f14d;fa48484b-ebcb-5b79-86ce-4399e9bc001c;9eb441ab-36d9-41e5-9ea0-792162f0b503;478e60b2-2af0-471b-8276-a4090399b06a;f8ccc9b0-8d91-45ee-96a0-70a3a4a9dd8c;cfb9ca6a-eb21-4b75-ab32-7c987c237aa5;358a5e4e-d6a3-476c-a49e-a44ab7d35e3c;47bc3049-230f-44da-92ab-b7bfdb963fe1;f643dd34-d8bd-41d9-908f-f473ff08116a;4cb369e1-102a-4428-ba5e-05684cdb6907;8aba31e0-9595-4fbf-b5b3-20dc5d0c262b;f72c72e2-36ac-4133-abaa-9f6ed1ae8fab	#A7E8C8	true
6e36e687-06b2-5e95-9638-90cf43369216	Monetization	2	Khả năng đóng gói bảng giá, giá trị sản phẩm với cơ chế tạo dòng tiền. Revenue đến từ đâu? để generate được revenue đó thì cần tăng gì và nerf gì của sản phẩm?	018a9d24-41b1-5d11-be1c-1107c308bf1d;03ce05be-d860-5ef1-b7a4-13f2d08bf9a0;0a8ecd04-04f8-52a5-b069-9f6aa3a2f41e;0f2bd824-4ff2-5fed-9ea7-9dba2a54304d;1973ed7a-8330-52ee-b8a0-84d97c08fc6b;284f64ca-4137-51ae-997f-c1a193b856d5;31693d72-4cbc-5de6-90a3-43ff17620675;42cfc254-68be-5f20-89c3-d7b09fcb4526;47b09a77-6b11-581b-a3cd-ab92c1f781e5;5128d90e-371b-529e-9931-f9cbb5bbba5f;615a1800-9780-5dbf-bb4c-bdd343109402;6935e1ef-563e-541c-8b6b-9e1560185cc2;82c30d6c-4e9f-5590-b3eb-8dcd3d8dc04b;85490028-7acb-5864-b15c-8d4a7b5723ae;89e83649-a251-52b2-87bf-46ff74911fad;c6183a53-e277-5951-b054-ea9c785ca4c8;e1b028eb-0017-5736-979c-3f670814fb5d;ebe647a4-f352-5bab-8880-e71870bcc443;96ac47c3-5abe-4256-8c26-1b899c54882c	#FBC4AB	true
703394af-f9df-5c55-ad98-27cdc4d8dcbd	Outcome vs Output	5	Tư duy đo lường thành công bằng sự thay đổi hành vi người dùng (Outcome) thay vì số lượng tính năng hoàn thành (Output).	7aebd62e-9aef-559f-ab02-3648ab823848	#FEFCEE	true
71876896-300d-55ee-a4af-4f60a31674c9	Click Heatmaps	5	Bản đồ nhiệt thị giác trực quan hóa mật độ và vị trí click chuột hoặc chạm ngón tay của người dùng.	0664976c-40dc-5a6b-a640-bd948530a965;1beef7f1-d8fa-5eed-a278-3581beca457a;38663a21-69f7-5c91-b855-5715f8ac433d;90d6a4ec-941a-592d-ad73-d28e629361b8	#FAF5FF	true
71d2bb9d-2333-5c1d-8756-3f2239a8c424	Allow Multiple Attempts (AMA)	5	Cấu hình phân tích CR dựa trên mục tiêu phân tích. Khi nào cần AMA, khi nào không? và AMA ảnh hưởng như thế nào đến CR và kết quả phân tích?.	38663a21-69f7-5c91-b855-5715f8ac433d;38f7030e-287e-5be5-bdb9-13264fb2651d;3404d86a-fa83-504b-aaae-3dcc800c06ea;18a64f03-274b-5c17-aacc-55c52efecb18;cea3c9c9-ea48-5fe1-a168-a4725f9592a3	#FAF5FF	true
74f161e6-8a1f-5b7f-bc68-8b6697b0320b	Prioritization Frameworks	2	Vận dụng các mô hình xác định mức độ ưu tiên để xây dựng plan, roadmap sản phẩm: Khi nào làm cái gì? Phụ thuộc vào đâu? Rủi ro là gì? Có ảnh hưởng đến quy trình phát triển tính năng và khả năng đóng gói value sản phẩm cho user không?	03d12942-cf0a-501d-9615-b30bce39717d;0e1489cc-a5c5-530f-948f-abdca76e1d18;0ed8c417-4f1e-57ae-8745-83150457fa1f;1b5219f1-2082-55c0-a742-a09a5bf77e29;1ee14d39-d6e6-557a-9472-77484d472de1;2230d9c9-a087-586a-941d-d2a475c3b521;2545db8f-ee7b-5ab6-997e-d56e212fdee9;2c8639a2-0f18-5e6e-a06e-2dd3548884e5;2d977def-74a5-5b4a-8416-1b113a1a7bbb;477bae77-cb16-5a68-a846-3ef20af872e6;4acb7801-b205-5761-b396-5198aec8be10;4baa12cd-57dd-5f10-bcf4-72931c57b238;4f8c668f-447a-5189-8260-6685c449dc2a;57ebec75-af72-503b-823d-0535a29be836;59189e2d-a73d-5f5c-899b-f00961197e83;64e960c7-3bc6-55ba-857b-91f91340720f;683fb73e-3666-5c8e-8579-84e84269177e;6b2c6768-764d-5590-9103-9cbd7cda2ef5;6cb117b5-ff19-5ab9-9a2d-c2af14028402;785fbae6-e4b0-5a85-9378-89fb9c83a906;7bd20bbf-d51d-52ca-9cec-62cbfd337c63;7f19d515-b409-5237-b16b-8c9809905ca5;85490028-7acb-5864-b15c-8d4a7b5723ae;8d50b5d1-9d47-51d5-82bc-b3a08f905c21;9af3a9fa-80f2-52ba-a7ec-04d52680ccd4;a202d87e-f2a8-513c-bfa0-335a16410f62;afce4b57-cf4d-5eb8-a164-34b159d196f3;b3649530-10b6-52e2-8b7b-aaa7b0a4aeb8;bdd6c97d-4c0c-5290-b197-a1a2e53fcaa6;cb385f15-6d14-5994-b619-4ee0a471d99c;dc28f3f2-98f8-5af7-9619-9759683322d3;e493de95-1ab9-5cfc-bf2e-81c17754d91a;e690731e-46de-5c30-8da2-8d8db7069768;e70ea394-d7d7-5ce6-b7b2-544c238549ab;f6cb49e5-cad5-58b3-be56-b16dd391f14d	#A7E8C8	true
756cf27c-72c2-549f-9e60-7dc25a942f19	Error Prevention	5	Thiết kế chủ động ngăn chặn người dùng mắc lỗi trước khi hành động xảy ra.	059a4b3d-e28c-5ec5-99e8-1be0ce819452;4c1da6f4-b306-510f-a118-554748fd824a;ae9ff296-6a60-551a-ac7c-db163cb5f6f8;0981575c-9743-44de-abba-1c719ef9b420;3770464e-9b9b-4656-9fc5-7ceeca5462e3;5aa597a0-fee2-420c-9ac0-0e2edc24477b;8aba31e0-9595-4fbf-b5b3-20dc5d0c262b;d71af663-acee-4b16-bb73-0524b14c00be	#F0FCF5	true
75750742-6b78-5b1d-9bad-a1c54f621965	Likert Scale	5	Lượng hóa tâm lý, mức độ đồng tình, tần suất. Thường scale là số lẻ 3,5,7. Lưu ý khi đặt title cho các mốc cần rõ ràng, dễ hiểu để người trả lời hiểu đồng nhất với nhau.	7aebd62e-9aef-559f-ab02-3648ab823848;992b408a-e8d8-5080-87b0-db5bfec7ee3c	#FEFCEE	true
75b03420-8577-5847-ba12-1b1984b0a5df	Hook Model	5	Mô hình xây dựng sản phẩm gây nghiện gồm 4 pha lặp lại: Trigger -> Action -> Variable Reward -> Investment.	38663a21-69f7-5c91-b855-5715f8ac433d;90d6a4ec-941a-592d-ad73-d28e629361b8;a4d8133d-db69-5432-b4b6-55c08a32de0a;be1f3090-970d-58e7-b2ef-8c5b02adaf40;f9a0a064-1087-5189-bd79-ae89c4786bd9	#FAF5FF	true
76ec05cf-a6cd-4ad8-a3d3-9806898f49ae	Last Responsible Moment	5	Thời điểm muộn nhất có thể trì hoãn quyết định mà chưa gây thiệt hại. Lưu ý: không phải trì hoãn vô thời hạn. Sử dụng cùng với tư duy Defer Commitment và sự linh hoạt của Agile	b31b61c3-4083-590b-a159-051c293feca3;0dfe1430-033f-5cba-bb53-f9d2a61537f8;f98e361b-7a90-4634-b33d-e96f3b16fa6a;4c5efa39-9183-40b9-9f3b-f91b4fe4007c;7c4ae802-e81f-4909-8da0-7b9ad21eabc9	#FAF5FF	true
785775ff-3013-55f2-827e-ff3e720d8b2e	Divergence & Convergence	3	Tư duy phân kỳ và hội tụ, áp dụng trong việc triển khai idea và chọn lọc idea ở cấp nền tảng. Áp dụng cho mọi quy trình, phương pháp và các bước suy nghĩ. Double Diamond và tư duy phái sinh từ tư duy gốc này.	476213b5-7b9a-57c1-b3f4-76fcfc583cd1;6dced765-3c6a-523f-9cf8-c8a0b325dd3d;7f19d515-b409-5237-b16b-8c9809905ca5;e6060c54-7a2e-5c45-ad09-25a05771bd87;e690731e-46de-5c30-8da2-8d8db7069768;f0ac8d4e-a52e-5592-9151-26cec54c0909;3dbe52b4-1ea4-4e4b-9882-0cfdef50daaa	#FFF5CC	true
785fbae6-e4b0-5a85-9378-89fb9c83a906	UI Component	5	Thư viện các thành phần giao diện code hóa tái sử dụng đồng bộ với bản thiết kế.	4c1da6f4-b306-510f-a118-554748fd824a;6df7c1d7-8b50-5ba4-b6b5-1575853e964a;74f161e6-8a1f-5b7f-bc68-8b6697b0320b;b3649530-10b6-52e2-8b7b-aaa7b0a4aeb8;cb385f15-6d14-5994-b619-4ee0a471d99c	#F0FCF5	true
7aebd62e-9aef-559f-ab02-3648ab823848	User Research	3	2 thứ quan trọng nhất của User Research: Đúng và Hiệu Quả. Đúng để đáng tin, Hiệu quả để mang lại tác động (Nghiên cứu phải tạo ra được Actionable Insight). Không thì nghiên cứu làm mịe gì?.	12ba622f-5661-5f36-a180-313dac342c43;1b5219f1-2082-55c0-a742-a09a5bf77e29;1e7dc39d-0c1d-5507-8d82-e8987e4dfa5f;2adb7a00-62d0-57ea-bd2b-34220cd138a3;2fad2dba-1945-5a3c-bc3a-941d004698c1;303b15cc-da8e-5d01-8116-b3d6c4f61020;4e2d1fbe-c78c-50a0-b698-9fa9494d4efe;61c1a2d4-808b-5e8b-81a8-03d13a50a4da;6dced765-3c6a-523f-9cf8-c8a0b325dd3d;703394af-f9df-5c55-ad98-27cdc4d8dcbd;75750742-6b78-5b1d-9bad-a1c54f621965;7f19d515-b409-5237-b16b-8c9809905ca5;992b408a-e8d8-5080-87b0-db5bfec7ee3c;bfec9619-309b-58aa-8ff8-2b7dcd0afd74;c184434e-b278-5e08-a49b-4e43c0fbaa83;c2d701a3-3824-5cc7-b5c6-47f267a6b1a8;e24adc79-5cfe-5c52-bd2e-040ceee16236;f0ac8d4e-a52e-5592-9151-26cec54c0909;f45e3fdb-77df-5a5e-8937-f4ce27fdd9e4;fb098033-23ba-54a1-b2be-ea3292579b2a;c76bd68e-216a-4a0f-a234-26a196012228	#FEEAA2	true
7b2de08a-c952-55a2-9949-f4fc2fcdcac8	Wizard of Oz	5	Thử nghiệm giả lập giao diện tự động bề ngoài trong khi toàn bộ thao tác phía sau do con người vận hành thủ công.	9ee53027-1559-553b-bd69-dce4d5b00a9a;e6060c54-7a2e-5c45-ad09-25a05771bd87	#FEFCEE	true
7bd20bbf-d51d-52ca-9cec-62cbfd337c63	WCAG Compliance Standards	5	Bộ hướng dẫn chuẩn mực quốc tế về khả năng tiếp cận nội dung web và ứng dụng.	4baa12cd-57dd-5f10-bcf4-72931c57b238;4c1da6f4-b306-510f-a118-554748fd824a;6df7c1d7-8b50-5ba4-b6b5-1575853e964a;74f161e6-8a1f-5b7f-bc68-8b6697b0320b;fa48484b-ebcb-5b79-86ce-4399e9bc001c;59cfa57e-816c-4519-a041-b262912c8786;77e06cb2-2d8c-45b5-b424-a320bc95f90e;5e828ea5-af0c-400c-8c33-e2962e115577;9655802a-aef2-40a6-a56f-316255c2ab17;434c07c7-1294-427e-af01-10bba924c7f7;b6dcd3cf-12ee-476a-80ff-a0662491ff02;5aa597a0-fee2-420c-9ac0-0e2edc24477b;f72c72e2-36ac-4133-abaa-9f6ed1ae8fab	#F0FCF5	true
7c4ae802-e81f-4909-8da0-7b9ad21eabc9	Rework Cost	5	Chi phí phải đập đi xây lại khi quyết định sai. Lưu ý: rework càng đắt càng cần thiết kế kỹ từ đầu. Ứng dụng: đánh giá schema và identifier trước release.	2230d9c9-a087-586a-941d-d2a475c3b521;536405a6-996d-429d-9ea0-b4c7beab04bd;76ec05cf-a6cd-4ad8-a3d3-9806898f49ae	#FAF5FF	true
7e5488b4-28cc-5508-846c-9498ce36e4f2	Event Name	5	Tên định danh của hành vi tương tác, thường tuân theo quy tắc Object - Action (ví dụ: Checkout Clicked).	dbf044cb-095d-5cc3-8294-14bcf3d39143;feea6d77-0e54-5551-8011-f45f139621aa	#F3F8FF	true
7f19d515-b409-5237-b16b-8c9809905ca5	Product Delivery	1	Product Delivery tập trung vào Outcomes. Vậy với những insight có được thông qua nghiên cứu, khám phá. Outcome của Product Delivery có thể kể đến bao gồm: Meeting business objectives, Delivering value to clients, Staying within timelines and budgets, Ensuring results match expectations	03d12942-cf0a-501d-9615-b30bce39717d;1b5219f1-2082-55c0-a742-a09a5bf77e29;3118b9e6-2c4b-5c0b-bb6a-b0a593bbff10;4c1da6f4-b306-510f-a118-554748fd824a;64e960c7-3bc6-55ba-857b-91f91340720f;6dced765-3c6a-523f-9cf8-c8a0b325dd3d;6df7c1d7-8b50-5ba4-b6b5-1575853e964a;74f161e6-8a1f-5b7f-bc68-8b6697b0320b;785775ff-3013-55f2-827e-ff3e720d8b2e;7aebd62e-9aef-559f-ab02-3648ab823848;c8653f20-49a8-58b6-ab9b-c0d36fb2f58e;dc28f3f2-98f8-5af7-9619-9759683322d3;e493de95-1ab9-5cfc-bf2e-81c17754d91a;f068d36c-d6e6-5abf-a5eb-68939f979586;f0ac8d4e-a52e-5592-9151-26cec54c0909;f6cb49e5-cad5-58b3-be56-b16dd391f14d	#8ADBB4	true
8165b052-4fa4-45be-8c9e-bfd0a6dade0e	Feasibility	3	xây được không? bao gồm cả: Năng lực đội nhóm: Không đủ năng lực thì đi mua, đi thuê, đi học. Vận hành được không và có đủ nguồn lực tài chính, thời gian không?.	b3a75a02-2f25-5ef1-8215-137405bc70eb;e690731e-46de-5c30-8da2-8d8db7069768;466f4b1a-af15-5678-8c75-63dfb12515a6;85490028-7acb-5864-b15c-8d4a7b5723ae;1b51e1b8-3089-4dcc-933a-ec72c664f19e;95861de9-7e75-4d6f-a2f1-e52cb4f755f7;a88b8da7-29b4-4f59-9ee2-b9ac8deb44d8;f0b12a7d-f6b4-4838-86bd-2c84b09d315b	#EBEBFF	true
82133eb7-0617-5763-9580-a58152eec99a	Value-Based Pricing	5	Chiến lược định giá dựa trên cảm nhận giá trị mang lại cho khách hàng thay vì cộng dồn chi phí sản xuất.	de637444-ec90-57c3-b6bc-9d5ba7bb8302;e3c5f850-1105-5129-a5f8-8a79f8017ee4	#FFF5F5	true
82c30d6c-4e9f-5590-b3eb-8dcd3d8dc04b	Freemium with Ads	5	Người dùng miễn phí tiếp cận nội dung kèm quảng cáo; trả phí để trải nghiệm không quảng cáo.	6935e1ef-563e-541c-8b6b-9e1560185cc2;6e36e687-06b2-5e95-9638-90cf43369216;c6183a53-e277-5951-b054-ea9c785ca4c8;96ac47c3-5abe-4256-8c26-1b899c54882c	#FFF5F5	true
83b42d96-35fe-5da4-a3d8-dc7942e1c6d6	Revenue Streams	5	Các luồng thu nhập và cách thức thu tiền từ các phân khúc khách hàng.	1973ed7a-8330-52ee-b8a0-84d97c08fc6b;0f2f385f-7ee3-4a9d-90fa-79fad13deb50	#FFF5F5	true
85490028-7acb-5864-b15c-8d4a7b5723ae	Product Strategy	1	Xác định định vị sản phẩm trong thị trường, lợi thế cạnh tranh để thu hút được tập người dùng mục tiêu trong từng giai đoạn phát triển. Chuyển dịch từ tư duy tối ưu hiệu quả ngay lập tức sang xây dựng chiến lực dài hạn sẽ vấp phải những vấn đề gì? Giải quyết conflict ra sao và dựa vào đâu để quyết định?	048d1f4b-26b4-5042-bc5c-3c3c7492ad5f;1973ed7a-8330-52ee-b8a0-84d97c08fc6b;24dd1597-be79-58d8-a29e-b5da6c299e3a;466f4b1a-af15-5678-8c75-63dfb12515a6;6935e1ef-563e-541c-8b6b-9e1560185cc2;6dced765-3c6a-523f-9cf8-c8a0b325dd3d;6e36e687-06b2-5e95-9638-90cf43369216;74f161e6-8a1f-5b7f-bc68-8b6697b0320b;89e83649-a251-52b2-87bf-46ff74911fad;a3738aea-05ea-53d8-8ac6-ee0449b3141d;b3a75a02-2f25-5ef1-8215-137405bc70eb;cbe4de80-15e0-5055-9222-3f6228806ac5;e3c5f850-1105-5129-a5f8-8a79f8017ee4;f0ac8d4e-a52e-5592-9151-26cec54c0909;536405a6-996d-429d-9ea0-b4c7beab04bd	#F8B195	true
85db3823-01a9-5b20-8dc3-50f15adb6efe	False Positive vs False Negative Risks	5	Quản trị rủi ro khi khẳng định sai và phủ định sai? Khi nào thì ưu tiên tối ưu và chấp nhận False positive / false negative?. Ứng dụng nó trong tối ưu performance hệ thống và tăng trưởng như thế nào?.	90d6a4ec-941a-592d-ad73-d28e629361b8	#FAF5FF	true
8978fd42-4f09-4514-b1d5-a99c4a999973	Function	5	Hoạt động kỹ thuật cấu thành một feature. Lưu ý: một feature thường gồm nhiều function. Khi prioritize một feature, có thể defer rất nhiều function con bên trong tùy vào journey mình muốn deliver.	3d7d2224-59d7-5797-95ce-e0296000fb3b;b31b61c3-4083-590b-a159-051c293feca3;ee88b90b-0b7a-43f0-a770-bd84407802a9	#F0FCF5	true
89c019af-dc5c-4c92-96c8-ef9f44a0c277	Environment Isolation	7	Tách biệt dev, staging và production. Lưu ý: credentials và dữ liệu phải độc lập. Ứng dụng: không dùng production keys trong dev.	1ee14d39-d6e6-557a-9472-77484d472de1	#EBF3FE	true
89e83649-a251-52b2-87bf-46ff74911fad	Ancillary Revenue & Capitalization	3	Khai thác doanh thu từ sở hữu trí tuệ, tiếp thị liên kết và vốn ngoài.	1973ed7a-8330-52ee-b8a0-84d97c08fc6b;6935e1ef-563e-541c-8b6b-9e1560185cc2;6e36e687-06b2-5e95-9638-90cf43369216;85490028-7acb-5864-b15c-8d4a7b5723ae;ebe647a4-f352-5bab-8880-e71870bcc443	#FDE2E4	true
8b5183ec-f2da-5dcc-8c33-c122bbe73760	Entity-Relationship Diagram	5	Sơ đồ thực thể quan hệ định nghĩa cấu trúc dữ liệu, các bảng và mối liên kết logic nền tảng.	3d7d2224-59d7-5797-95ce-e0296000fb3b;b31b61c3-4083-590b-a159-051c293feca3;bdd6c97d-4c0c-5290-b197-a1a2e53fcaa6;bf70fd86-29a8-5f7b-898d-c8bcbce7911d;f6cb49e5-cad5-58b3-be56-b16dd391f14d	#FEFCEE	true
8bcad5ef-8862-53bd-bfc6-481293039caa	Retention Phases	5	Các giai đoạn giữ chân khách hàng: Giai đoạn mới (New), Giai đoạn gắn kết (Current), Giai đoạn hồi sinh (Resurrected).	60126ebd-01b9-5c9c-9eeb-8d61e8b41440;be1f3090-970d-58e7-b2ef-8c5b02adaf40	#FAF5FF	true
8d50b5d1-9d47-51d5-82bc-b3a08f905c21	Kano Model	5	Mô hình phân loại tính năng theo mức độ hài lòng của khách hàng: Must-be, Performance, Delighters.	2c8639a2-0f18-5e6e-a06e-2dd3548884e5;477bae77-cb16-5a68-a846-3ef20af872e6;74f161e6-8a1f-5b7f-bc68-8b6697b0320b;9af3a9fa-80f2-52ba-a7ec-04d52680ccd4	#F0FCF5	true
8d67a5f3-f867-5cda-b258-92e659274cb6	User Journey	3	Thiết kế dựa trên User Journey giúp giản lược thông tin theo từng giai đoạn trải nghiệm. User tìm được đúng thứ học cần trong từng thời điểm tương tác mà không bị overload vì quá tải thông tin.	249fb6ef-0eda-57c8-92dc-85572bba9ca2;b31b61c3-4083-590b-a159-051c293feca3;bf70fd86-29a8-5f7b-898d-c8bcbce7911d	#FFF0B8	true
8e8530e6-b1cd-4ad5-94d4-df782db1018b	Hybrid Tracking	7	Kiến trúc kết hợp tracking song song cả phía máy trạm (client-side) và máy chủ (server-side). Lưu ý: Phải có cơ chế deduplication thông qua event_id để triệt tiêu việc ghi nhận trùng lặp. Ứng dụng: Bắt trọn tương tác UI phong phú đồng thời bảo toàn độ tin cậy của giao dịch tiền tệ.	143c835a-9e49-5495-a37e-d0db4058bb93;6c0b7cfc-d596-5af9-803f-9bdbc6a0834a;bce4aa48-117c-5f51-8102-9d6e18240213	#F0FCF5	true
90d6a4ec-941a-592d-ad73-d28e629361b8	Experimentation	2	Thực nghiệm để kiểm chứng giả định về người dùng và thị trường trong các giai đoạn phát triển sản phẩm?. Cần xác định giả định nào cần / không cần kiểm định, kiểm định bằng phương pháp nào và quy mô kiểm định? Ưu nhược điểm của từng phương pháp kiểm định và chi phí / rủi ro cần đánh đổi là gì?.	032779f1-24e4-5df2-8133-bc25bf3846e4;036e69d1-7883-5869-9ccd-ba1b4abcb6ae;072f7438-9f0d-5071-9d0c-83fcff450bf7;18a64f03-274b-5c17-aacc-55c52efecb18;19452ecb-8274-5c6d-87b9-b658b3d1bcac;1beef7f1-d8fa-5eed-a278-3581beca457a;1c902b56-0ced-5e92-8035-2fbc8911190f;24dd1597-be79-58d8-a29e-b5da6c299e3a;4592bcf2-64bb-5c9f-be55-b4648d0d6a0e;60d835bf-3e31-5150-982a-90d49220db06;68674db2-8527-5464-a6d3-edb994f05b36;6dced765-3c6a-523f-9cf8-c8a0b325dd3d;71876896-300d-55ee-a4af-4f60a31674c9;75b03420-8577-5847-ba12-1b1984b0a5df;85db3823-01a9-5b20-8dc3-50f15adb6efe;9a295ef9-17a3-553f-aaa8-68317386a9e6;9ee53027-1559-553b-bd69-dce4d5b00a9a;9f1d26fd-7e8a-562e-bfe6-3ea480cbcd63;a3738aea-05ea-53d8-8ac6-ee0449b3141d;ac6e4fbf-72b4-51b3-9599-dec7ae304abc;b53a7898-8403-5242-b9ec-f6f705e3edec;c23c0606-cf05-5f75-a9d3-31210cd03df0;d9df7810-70d2-5360-ab05-d03752bdc2c0;de0a6d61-557f-561f-ba89-dcefe776ac07;f0ac8d4e-a52e-5592-9151-26cec54c0909	#DDD6FE	true
91896099-b409-45ae-8491-e32ea218e53c	Mock Data	5	Dữ liệu giả có cấu trúc tương đương dữ liệu thật. Lưu ý: dùng để tách logic khỏi database hoặc pipeline. Ứng dụng: test thuật toán trước khi tích hợp dữ liệu thật. Lưu ý Mock Data trong từng trường hợp cần clone dữ liệu thật hoặc collect các dữ liệu sát thật nhất để validate về API và khả năng xử lý dữ liệu của các hệ thống AI.	dbf044cb-095d-5cc3-8294-14bcf3d39143;697d5f88-9281-56eb-87a3-b8f1d680fa04;1e8be8c8-22cb-410a-96b9-2e95e3257ff7	#FEECEE	true
94d8bcc4-d446-43e3-936c-ee54939bc1b1	Data Minimization	5	Nguyên tắc thu thập tối thiểu, chỉ ghi nhận những dữ liệu thực sự cần thiết cho mục tiêu đo lường cụ thể. Lưu ý: Tránh tâm lý thu thập thừa thãi phòng hờ làm phình to dữ liệu và gia tăng rủi ro bảo mật. Ứng dụng: Tối ưu chi phí xử lý dữ liệu và tuân thủ luật bảo vệ thông tin cá nhân.	e3abab7c-2227-51ee-8340-11aed0292fb9;0138d388-8f2c-4bfa-b202-3da60e6c9d06;300fb526-5f91-50c5-8e01-599dba96f103;cc765af2-f113-4c25-9f84-6595c140794d;f068d36c-d6e6-5abf-a5eb-68939f979586;ce92e344-098f-5414-a29c-957a46e9494f;52d59734-722b-599a-a0be-fbf3691ef3db	#CFE0F2	true
95207d6d-8915-521d-9d7f-fd9f2b63eff6	Pirate Metrics Setup	4	Gắn việc đo lường trải nghiệm với mục tiêu kinh doanh giúp tìm ra mối quan hệ giữa hành vi, trải nghiệm và hiệu quả của tác động tới các chỉ số sức khỏe doanh nghiệp. Từ đó quản trị dựa trên mục tiêu thay vì output.	23fbe206-afe9-5a60-ab3f-2c4926e2ce35;24dd1597-be79-58d8-a29e-b5da6c299e3a;38663a21-69f7-5c91-b855-5715f8ac433d;953fce27-0903-5c98-84da-3ed0bb2f22e0;97c40a4b-0139-58db-bdd0-739c56ef1cf7;a4d8133d-db69-5432-b4b6-55c08a32de0a	#F7EEFF	true
953fce27-0903-5c98-84da-3ed0bb2f22e0	Goal-Signal-Metric	5	Quy trình chuyển dịch từ Mục tiêu trừu tượng (Goal) sang Dấu hiệu hành vi (Signal) rồi đến Chỉ số đo lường (Metric).	23fbe206-afe9-5a60-ab3f-2c4926e2ce35;38663a21-69f7-5c91-b855-5715f8ac433d;95207d6d-8915-521d-9d7f-fd9f2b63eff6;bb9f28d6-2f16-44be-972f-fa0e04abad7f	#FAF5FF	true
95861de9-7e75-4d6f-a2f1-e52cb4f755f7	Risk-first	5	Tư duy ưu tiên loại bỏ rủi ro lớn nhất. Lưu ý: là định hướng của POC. Ứng dụng: kiểm tra thuật toán hoặc các logic phức tạp nhất mà nếu việc triển khai không thành công thì cần phải xem lại tính khả thi ngay lập tức.	697d5f88-9281-56eb-87a3-b8f1d680fa04;8165b052-4fa4-45be-8c9e-bfd0a6dade0e;1b51e1b8-3089-4dcc-933a-ec72c664f19e;1e8be8c8-22cb-410a-96b9-2e95e3257ff7;de607db4-f593-48ed-88e9-0aa8cbf6511f	#FEECEE	true
96ac47c3-5abe-4256-8c26-1b899c54882c	Traffic Monetization	5	Kiếm tiền từ traffic bằng quảng cáo | Lưu ý: Không làm hại trải nghiệm | Ứng dụng: Revenue stream mới	6e36e687-06b2-5e95-9638-90cf43369216;82c30d6c-4e9f-5590-b3eb-8dcd3d8dc04b	#FFF5F5	true
97c40a4b-0139-58db-bdd0-739c56ef1cf7	AARRR Framework	5	Acquisition, Activation, Retention, Revenue, Referral. Lưu ý: AARRR cần customize theo từng mô hình kinh doanh.	052a0b3c-55be-5c5b-abfe-517ca1801d4a;23fbe206-afe9-5a60-ab3f-2c4926e2ce35;38663a21-69f7-5c91-b855-5715f8ac433d;95207d6d-8915-521d-9d7f-fd9f2b63eff6;a4d8133d-db69-5432-b4b6-55c08a32de0a;ce8a0637-5a10-58df-a649-a5a82314171c;e553328e-d0c9-55c2-b606-01c9adba1c01;b53a7898-8403-5242-b9ec-f6f705e3edec;6935e1ef-563e-541c-8b6b-9e1560185cc2;83b42d96-35fe-5da4-a3d8-dc7942e1c6d6;33f69f43-01ea-4a73-bd18-ca1181ae41cf	#FAF5FF	true
992b408a-e8d8-5080-87b0-db5bfec7ee3c	Evaluative Research & Usability	3	Nghiên cứu đánh giá khả năng sử dụng và kiểm thử trải nghiệm.	476213b5-7b9a-57c1-b3f4-76fcfc583cd1;75750742-6b78-5b1d-9bad-a1c54f621965;7aebd62e-9aef-559f-ab02-3648ab823848;9ee53027-1559-553b-bd69-dce4d5b00a9a;bfec9619-309b-58aa-8ff8-2b7dcd0afd74;c2d701a3-3824-5cc7-b5c6-47f267a6b1a8	#FFF0B8	true
9a121cfe-5180-5ac0-8c8a-60a78bc949bb	Data Sampling Strategy	5	Kỹ thuật lấy mẫu tỷ lệ phần trăm dữ liệu lớn để tiết kiệm chi phí xử lý và hạ tầng analytics. Sử dụng Sampling trong case phải đối mặt với chi phí sử dụng event tracking theo tool. -> Sample giúp giảm data-point hàng tháng. -> Cần áp dụng cơ chế chọn mẫu xác suất để đảm bảo mẫu không có selection-bias.	300fb526-5f91-50c5-8e01-599dba96f103;ad7ee876-ab28-552a-aa07-82aadfc0df67;ce92e344-098f-5414-a29c-957a46e9494f;4e2d1fbe-c78c-50a0-b698-9fa9494d4efe;12ba622f-5661-5f36-a180-313dac342c43	#F3F8FF	true
9a295ef9-17a3-553f-aaa8-68317386a9e6	Difference-in-Differences (DiD)	5	Phương pháp so sánh kép: Lấy chênh lệch trước/sau của nhóm dùng tính năng trừ đi mức chênh lệch tự nhiên của nhóm đối chứng để bóc tách tác động thuần túy.	072f7438-9f0d-5071-9d0c-83fcff450bf7;19452ecb-8274-5c6d-87b9-b658b3d1bcac;320568e6-6d43-5d6f-b05c-d4971878eb47;68674db2-8527-5464-a6d3-edb994f05b36;90d6a4ec-941a-592d-ad73-d28e629361b8;c23c0606-cf05-5f75-a9d3-31210cd03df0	#FAF5FF	true
9af3a9fa-80f2-52ba-a7ec-04d52680ccd4	The RICE method	5	Công thức chấm điểm ưu tiên: (Reach * Impact * Confidence) / Effort.	2c8639a2-0f18-5e6e-a06e-2dd3548884e5;38663a21-69f7-5c91-b855-5715f8ac433d;74f161e6-8a1f-5b7f-bc68-8b6697b0320b;8d50b5d1-9d47-51d5-82bc-b3a08f905c21;e70ea394-d7d7-5ce6-b7b2-544c238549ab	#F0FCF5	true
9b7c2dc3-b84c-4936-919d-882e22ceac29	PRM Tools	5	Công cụ quản trị partner | Lưu ý: Chuẩn hóa onboarding và hoa hồng | Ứng dụng: Scale partnership	2c115981-c9b6-409f-ad89-ced0a6514dfb	#F3F8FF	true
9e77c845-5e28-5c83-a2b5-ab53e0196270	Vanity Metrics	5	Để tránh Vanity Metrics, hãy focus vào các chỉ số gắn liền trực tiếp với doanh thu và hành vi giá trị thực tế của người dùng (như retention, CR, LTV, CAC...). Đồng thời, luôn sử dụng success metric, NSM và phương pháp metric decompositon để tránh monitor các chỉ số không quan trọng.	38663a21-69f7-5c91-b855-5715f8ac433d;953fce27-0903-5c98-84da-3ed0bb2f22e0;a4d8133d-db69-5432-b4b6-55c08a32de0a;ce8a0637-5a10-58df-a649-a5a82314171c;cea3c9c9-ea48-5fe1-a168-a4725f9592a3;cfcd60c9-0d14-5f39-86da-a30449c8ac6a;f232a0ca-af22-5a7e-be8e-18717e89c716;e493de95-1ab9-5cfc-bf2e-81c17754d91a	#FAF5FF	true
9ee53027-1559-553b-bd69-dce4d5b00a9a	Qualitative Behavior & Session Analytics	3	Phân tích định tính qua ghi hình phiên và bản đồ nhiệt.	38663a21-69f7-5c91-b855-5715f8ac433d;7b2de08a-c952-55a2-9949-f4fc2fcdcac8;90d6a4ec-941a-592d-ad73-d28e629361b8;992b408a-e8d8-5080-87b0-db5bfec7ee3c	#E9D5FF	true
9f1d26fd-7e8a-562e-bfe6-3ea480cbcd63	T-Test	5	Kiểm định so sánh giá trị trung bình trên biến liên tục (như doanh thu, thời gian sử dụng) giữa 1 mẫu với chuẩn hoặc giữa 2 nhóm thử nghiệm độc lập.	032779f1-24e4-5df2-8133-bc25bf3846e4;320568e6-6d43-5d6f-b05c-d4971878eb47;38663a21-69f7-5c91-b855-5715f8ac433d;45c898df-38df-5e1e-ab78-ec1d6ba87e78;6b9904d7-4bac-5c87-a44c-c3536ef6fafe;90d6a4ec-941a-592d-ad73-d28e629361b8;de0a6d61-557f-561f-ba89-dcefe776ac07	#FAF5FF	true
9f5edd88-7abc-4675-826d-f3809074ab28	Take Rate (NRT)	5	Net Revenue / GMV | Lưu ý: GMV cao chưa chắc NRT cao | Ứng dụng: Đánh giá chất lượng GMV	4abcbff1-e95e-5045-b71d-c4523aff11e6;e3c5f850-1105-5129-a5f8-8a79f8017ee4;d70d4d02-d98b-4da7-9fe8-9ee7ee17815c;6407c0aa-5958-4d52-a813-b3d6557e894f	#FAF5FF	true
a01e1166-7a0a-47fb-8c25-ca6692e320d4	JTBD Force - Push	3	Là những vấn đề, khó chịu hoặc thay đổi trong hoàn cảnh hiện tại khiến người dùng muốn rời bỏ giải pháp đang dùng.	303b15cc-da8e-5d01-8116-b3d6c4f61020;b22ce0fc-ebfd-493e-8a77-b8fe5f510153;fb098033-23ba-54a1-b2be-ea3292579b2a;e6e617bf-414b-496a-a175-7395014016f9;6dacec09-4a08-4b3a-a87a-91bb11bcf0cf;36e20b64-d341-42d1-9b2b-d78716dc6f9a;7aebd62e-9aef-559f-ab02-3648ab823848;f0ac8d4e-a52e-5592-9151-26cec54c0909	#FFF9DF	true
a15ed690-4712-4cd5-b814-b90ecdab897f	Net Growth	4	[(Lead × Win Rate × ACV) + Expansion] × (1 − Churn) | Lưu ý: Tính cả khách cũ | Ứng dụng: Growth model	297a2d37-2cd8-4fbd-8de4-b95f6fc56033;b53a7898-8403-5242-b9ec-f6f705e3edec;e3c5f850-1105-5129-a5f8-8a79f8017ee4	#F7EEFF	true
a202d87e-f2a8-513c-bfa0-335a16410f62	Prioritization	5	Năng lực ra quyết định chọn lựa việc cần làm trước và việc cần trì hoãn nhằm tối ưu nguồn lực khan hiếm.	2230d9c9-a087-586a-941d-d2a475c3b521;74f161e6-8a1f-5b7f-bc68-8b6697b0320b;4c5efa39-9183-40b9-9f3b-f91b4fe4007c	#F0FCF5	true
a2c8189b-43ed-575e-af6a-d1def4d7e5d8	Naming Convention	5	Quy ước đặt tên chuẩn xác cho toàn bộ sự kiện và biến số dữ liệu (snake_case, camelCase hoặc Title Case).	0dd93b5e-f0e1-52a1-b376-63c76cfe5715;bce4aa48-117c-5f51-8102-9d6e18240213;ce92e344-098f-5414-a29c-957a46e9494f;dbf044cb-095d-5cc3-8294-14bcf3d39143;f9379f02-667d-5f94-b25e-f4f24380f53d;feea6d77-0e54-5551-8011-f45f139621aa;c9c78f6b-8baf-44fc-83d9-9948ab8c821b;b5560816-cf63-490a-95e5-d7327f339353	#F3F8FF	true
a3738aea-05ea-53d8-8ac6-ee0449b3141d	Product Growth	1	Ứng dụng tư duy tăng trưởng sản phẩm trong thị trường hiện hữu hoặc các thị trường / phân khúc mới thông qua: Product-led, Marketing-led, Sale-led, Community-led & Partner-led growth.	1973ed7a-8330-52ee-b8a0-84d97c08fc6b;24dd1597-be79-58d8-a29e-b5da6c299e3a;3118b9e6-2c4b-5c0b-bb6a-b0a593bbff10;38663a21-69f7-5c91-b855-5715f8ac433d;6dced765-3c6a-523f-9cf8-c8a0b325dd3d;85490028-7acb-5864-b15c-8d4a7b5723ae;90d6a4ec-941a-592d-ad73-d28e629361b8;a4d8133d-db69-5432-b4b6-55c08a32de0a;be1f3090-970d-58e7-b2ef-8c5b02adaf40;cbe4de80-15e0-5055-9222-3f6228806ac5;e3c5f850-1105-5129-a5f8-8a79f8017ee4;f068d36c-d6e6-5abf-a5eb-68939f979586;f0ac8d4e-a52e-5592-9151-26cec54c0909;dcd30ab6-2bd4-452c-b6bb-41640872ea54	#CBB6F8	true
a456d4c5-1db8-5931-b91d-96268ce5e577	Flat Schema vs Nested Payload	5	Convert Nested Payload thành Flat Schema giữa database và tracking tool như thế nào để bảo toàn dữ liệu và tăng hiệu quả quản lý và phân tích số liệu?. Một số lưu ý khi sử dụng Flat schema trong đo lường hành vi người dùng.	0dd93b5e-f0e1-52a1-b376-63c76cfe5715;550caa4e-1abd-5b0b-94df-e5bfc566b689;69d3f90b-ec4a-538a-aff3-70ca6b03ef1d;bce4aa48-117c-5f51-8102-9d6e18240213;ce92e344-098f-5414-a29c-957a46e9494f;dbf044cb-095d-5cc3-8294-14bcf3d39143;df3d0c18-a108-5c38-8e94-ed22df3de949;feea6d77-0e54-5551-8011-f45f139621aa;eeefb42b-97a0-4b59-8ce3-00ef97bec795	#F3F8FF	true
a4d8133d-db69-5432-b4b6-55c08a32de0a	Metric Frameworks	2	Khung tư duy thiết lập chỉ số và chuyển hóa mục tiêu thành hành động. Không phải cứ nhiều số là báo cáo đẹp. Cần đánh trọng số cho từng bộ chỉ số khác nhau, tập trung vào cải tiến, phân tích những chỉ số quan trọng và mang lại impact cao nhất.	036e69d1-7883-5869-9ccd-ba1b4abcb6ae;052a0b3c-55be-5c5b-abfe-517ca1801d4a;072f7438-9f0d-5071-9d0c-83fcff450bf7;18a64f03-274b-5c17-aacc-55c52efecb18;19452ecb-8274-5c6d-87b9-b658b3d1bcac;23fbe206-afe9-5a60-ab3f-2c4926e2ce35;24dd1597-be79-58d8-a29e-b5da6c299e3a;38663a21-69f7-5c91-b855-5715f8ac433d;4592bcf2-64bb-5c9f-be55-b4648d0d6a0e;60d835bf-3e31-5150-982a-90d49220db06;68674db2-8527-5464-a6d3-edb994f05b36;75b03420-8577-5847-ba12-1b1984b0a5df;95207d6d-8915-521d-9d7f-fd9f2b63eff6;97c40a4b-0139-58db-bdd0-739c56ef1cf7;a3738aea-05ea-53d8-8ac6-ee0449b3141d;b53a7898-8403-5242-b9ec-f6f705e3edec;ce8a0637-5a10-58df-a649-a5a82314171c;fe2ff027-1a1a-5178-92b7-ca4f02a76ba1	#DDD6FE	true
a6132832-c66d-5353-9c63-368cfea31a6e	MECE Principle	3	Nguyên tắc 'Mutually Exclusive, Collectively Exhaustive': Dùng để bóc tách vấn đề nghiên cứu, kịch bản test và cây chỉ số một cách toàn diện và khoa học. MECE là tư duy nền tảng, áp dụng trong mọi cách bóc tách vấn đề từ nghiên cứu, thực thi cho đến đo lường.	2d977def-74a5-5b4a-8416-1b113a1a7bbb;6dced765-3c6a-523f-9cf8-c8a0b325dd3d;af8f3678-cf79-5d7a-a2ff-4d149d514179;bfec9619-309b-58aa-8ff8-2b7dcd0afd74;e6060c54-7a2e-5c45-ad09-25a05771bd87;f0ac8d4e-a52e-5592-9151-26cec54c0909	#FFF5CC	true
a88b8da7-29b4-4f59-9ee2-b9ac8deb44d8	Internal Demo	5	Internal Demo chỉ để chứng minh technical feasibility cho team, không đủ để xác nhận nhu cầu người dùng hay không thể thay thế cho nghiên cứu người dùng nói chung và Usability Testing nói riêng.	8165b052-4fa4-45be-8c9e-bfd0a6dade0e;697d5f88-9281-56eb-87a3-b8f1d680fa04;1e8be8c8-22cb-410a-96b9-2e95e3257ff7;27695a8c-b0b6-42ed-8a66-855291aa7d1f	#FEECEE	true
a88ba42e-2eee-5e40-b82c-6e535d970572	Controlled Vocabulary	5	Từ điển thuật ngữ bắt buộc phải tuân theo nhằm tránh các nhóm dev tự đặt tên tùy tiện gây rác dữ liệu.	0dd93b5e-f0e1-52a1-b376-63c76cfe5715;bce4aa48-117c-5f51-8102-9d6e18240213;ce92e344-098f-5414-a29c-957a46e9494f;dbf044cb-095d-5cc3-8294-14bcf3d39143;f9379f02-667d-5f94-b25e-f4f24380f53d;feea6d77-0e54-5551-8011-f45f139621aa;b5560816-cf63-490a-95e5-d7327f339353	#F3F8FF	true
a90eb63a-7dca-4377-ac23-ebcafa99c8d7	Successful Delivery Rate	7	Successful Delivery Rate trong Logistic là tỷ lệ giao thành công | Lưu ý: Theo đơn đặt thực tế | Ứng dụng: Đo fulfillment, tối ưu chuyển đổi & hiệu quả khuyến mại. Nếu không đo lường SDL -> Có thể chỉ tối ưu được các bước đầu tiên nhưng user lại rớt ở những bước sau (Hủy đơn, không giao thành công, nhập địa chỉ không đúng...)		#FAF5FF	true
aae4823f-dbe0-5864-9f0e-7341eb6e9caf	Lean Startup	5	Trong những trường hợp nào thì nên áp dụng Lean Startup so với việc áp dụng Design Thinking process? Ưu và nhược điểm của 2 phương pháp là gì? Nếu đi theo Lean startup thì dựa vào đâu để xác định scope cần build ban đầu?.	519088b8-16ab-5397-a508-b77776a855ed;7f19d515-b409-5237-b16b-8c9809905ca5;1ee14d39-d6e6-557a-9472-77484d472de1;38663a21-69f7-5c91-b855-5715f8ac433d;953fce27-0903-5c98-84da-3ed0bb2f22e0;a4d8133d-db69-5432-b4b6-55c08a32de0a;cea3c9c9-ea48-5fe1-a168-a4725f9592a3;24dd1597-be79-58d8-a29e-b5da6c299e3a;3118b9e6-2c4b-5c0b-bb6a-b0a593bbff10;e6060c54-7a2e-5c45-ad09-25a05771bd87;f068d36c-d6e6-5abf-a5eb-68939f979586;fe2ff027-1a1a-5178-92b7-ca4f02a76ba1;3d7d2224-59d7-5797-95ce-e0296000fb3b;fb098033-23ba-54a1-b2be-ea3292579b2a;1b51e1b8-3089-4dcc-933a-ec72c664f19e;1e8be8c8-22cb-410a-96b9-2e95e3257ff7;d4684671-67e4-4fbd-802f-0adad55b30d1	#FEFCEE	true
ac6e4fbf-72b4-51b3-9599-dec7ae304abc	Bayes' Theorem in Product	4	Ứng dụng Bayes' Theorem trong giai đoạn tối ưu sản phẩm như thế nào? Mô hình tính toán và đo lượng hiệu quả của mô hình?.	24dd1597-be79-58d8-a29e-b5da6c299e3a;2f1c941a-c15b-57a3-a7f0-825b19510566;90d6a4ec-941a-592d-ad73-d28e629361b8;e6060c54-7a2e-5c45-ad09-25a05771bd87	#F7EEFF	true
ad7ee876-ab28-552a-aa07-82aadfc0df67	Data Cleanliness	4	Ngăn ngừa tình trạng phình to dữ liệu và lọc dữ liệu rác. Tinh gọn dữ liệu cần phân tích giúp: Hạn chế tăng gói giá của tool phân tích, tăng tốc độ phân tích & quản lý dữ liệu, tăng tốc độ query và tính toán.	300fb526-5f91-50c5-8e01-599dba96f103;3118b9e6-2c4b-5c0b-bb6a-b0a593bbff10;556b9ba5-46b8-5183-a620-6b275356711e;9a121cfe-5180-5ac0-8c8a-60a78bc949bb;ce92e344-098f-5414-a29c-957a46e9494f;4cbf70e3-5b77-4620-9bc5-d43891307e0e	#EBF3FE	true
ae9ff296-6a60-551a-ac7c-db163cb5f6f8	Edge Case Scenarios	5	Kịch bản ngoại lệ, điều kiện biên, lỗi mạng hoặc thao tác người dùng bất thường.	059a4b3d-e28c-5ec5-99e8-1be0ce819452;4c1da6f4-b306-510f-a118-554748fd824a;756cf27c-72c2-549f-9e60-7dc25a942f19	#F0FCF5	true
aeb1cb06-3cbe-4514-a8d2-6cd47f519a23	Problem–Solution Fit	5	Mức độ giải pháp giải đúng vấn đề của nhóm mục tiêu. Lưu ý: là mục tiêu chính của MVP ban đầu. Ứng dụng: kiểm tra user có thực sự dùng core workflow.	6dced765-3c6a-523f-9cf8-c8a0b325dd3d;519088b8-16ab-5397-a508-b77776a855ed;42e55afd-83d1-4793-8896-36e34d603492;ded9e273-9fa9-4bd2-b2e2-580554e809a5;f450eaa7-f33b-4a20-8466-3535c9b34e81	#F0FCF5	true
af240e98-d04c-420f-a4dd-2789a64fca88	Market Development	3	Phát triển thị trường mới | Lưu ý: Gồm tỉnh, vertical, segment | Ứng dụng: Scale	466f4b1a-af15-5678-8c75-63dfb12515a6;d7a2e3e8-7638-4012-9f05-effecb89e3f5	#FCD5CE	true
af8f3678-cf79-5d7a-a2ff-4d149d514179	Fishbone Root Cause Diagram	4	Sơ đồ xương cá Ishikawa giúp mổ xẻ đa chiều các nhánh nguyên nhân gốc rễ dẫn tới một triệu chứng sản phẩm tụt dốc.	6dced765-3c6a-523f-9cf8-c8a0b325dd3d;a6132832-c66d-5353-9c63-368cfea31a6e;e6060c54-7a2e-5c45-ad09-25a05771bd87	#FFF9DF	true
afce4b57-cf4d-5eb8-a164-34b159d196f3	Rule-based Product Requirement (PRD)	3	Hãy dùng Rule-based khi hệ thống nặng về tính tuân thủ, xử lý dữ liệu ngầm, phân quyền tài khoản, hoặc tính toán tài chính (nơi logic đúng/sai là tuyệt đối). Áp dụng chủ yếu trong các hệ thống lớn cho doanh nghiệp, vận hành nội bộ.	03d12942-cf0a-501d-9615-b30bce39717d;27600cab-2a7f-5e5a-9fb6-236a2680a4e3;4c1da6f4-b306-510f-a118-554748fd824a;52d59734-722b-599a-a0be-fbf3691ef3db;59189e2d-a73d-5f5c-899b-f00961197e83;6df7c1d7-8b50-5ba4-b6b5-1575853e964a;74f161e6-8a1f-5b7f-bc68-8b6697b0320b;fb098033-23ba-54a1-b2be-ea3292579b2a	#F0FCF5	true
b22ce0fc-ebfd-493e-8a77-b8fe5f510153	Desirability	3	Người dùng có muốn sử dụng không? Họ có vấn đề chưa chắc họ đã muốn giải quyết vấn đề đó. Ai là người cần? Họ muốn vì sản phẩm giải quyết JTBD nào của họ? Collect insight đó bằng cách nào? Có phải là giả định không? Validate ra sao? Giữa các nguồn insight, đâu là nguồn insight có confident cao nhất?.	8165b052-4fa4-45be-8c9e-bfd0a6dade0e;b3a75a02-2f25-5ef1-8215-137405bc70eb;f0ac8d4e-a52e-5592-9151-26cec54c0909;7aebd62e-9aef-559f-ab02-3648ab823848;992b408a-e8d8-5080-87b0-db5bfec7ee3c;7f19d515-b409-5237-b16b-8c9809905ca5;fb098033-23ba-54a1-b2be-ea3292579b2a;303b15cc-da8e-5d01-8116-b3d6c4f61020;1c902b56-0ced-5e92-8035-2fbc8911190f;f450eaa7-f33b-4a20-8466-3535c9b34e81;de607db4-f593-48ed-88e9-0aa8cbf6511f	#FFF9DF	true
b31b61c3-4083-590b-a159-051c293feca3	System Specification	3	System Specification bao gồm kiến trúc hệ thống, cấu trúc dữ liệu, API và các yêu cầu phi chức năng (bảo mật, hiệu năng). PM cần nắm vững tài liệu này để trao đổi rõ ràng requirement với tech-team, đánh giá tính khả thi và kiểm soát scope, từ đó manage budget và timeline hiệu quả.	27600cab-2a7f-5e5a-9fb6-236a2680a4e3;6dced765-3c6a-523f-9cf8-c8a0b325dd3d;8b5183ec-f2da-5dcc-8c33-c122bbe73760;8d67a5f3-f867-5cda-b258-92e659274cb6;bf70fd86-29a8-5f7b-898d-c8bcbce7911d;f0ac8d4e-a52e-5592-9151-26cec54c0909;8978fd42-4f09-4514-b1d5-a99c4a999973;536405a6-996d-429d-9ea0-b4c7beab04bd;76ec05cf-a6cd-4ad8-a3d3-9806898f49ae	#FEEAA2	true
b3649530-10b6-52e2-8b7b-aaa7b0a4aeb8	Product Design	5	Giờ người ta vibe design hết rồi. Chi phí phát triển tính năng mới giảm, tốc độ release ra thị trường nhanh -> Feedback loop hiệu quả, cơ chế tư duy và quy trình làm việc thay đổi.	2adb7a00-62d0-57ea-bd2b-34220cd138a3;4c1da6f4-b306-510f-a118-554748fd824a;6df7c1d7-8b50-5ba4-b6b5-1575853e964a;74f161e6-8a1f-5b7f-bc68-8b6697b0320b;785fbae6-e4b0-5a85-9378-89fb9c83a906;cb385f15-6d14-5994-b619-4ee0a471d99c;ded67067-e2e5-5d39-8121-97262ad5d565;e24adc79-5cfe-5c52-bd2e-040ceee16236	#F0FCF5	true
b3a75a02-2f25-5ef1-8215-137405bc70eb	Desirability, Viability, Feasibility	3	Nếu tạo ra được một sản phẩm mà: Người dùng thực sự cần, Doanh nghiệp có lãi bền vững, và Đội ngũ công nghệ làm được thì là ngon luônnn	03d12942-cf0a-501d-9615-b30bce39717d;1973ed7a-8330-52ee-b8a0-84d97c08fc6b;697d5f88-9281-56eb-87a3-b8f1d680fa04;6dced765-3c6a-523f-9cf8-c8a0b325dd3d;85490028-7acb-5864-b15c-8d4a7b5723ae	#FDE2E4	true
b481caff-e117-5a33-83c1-70da2c409dca	Rolling Retention	5	Tỷ lệ giữ chân trượt đo lường người dùng quay lại vào ngày N hoặc bất kỳ ngày nào sau đó.	be1f3090-970d-58e7-b2ef-8c5b02adaf40	#FAF5FF	true
b53a7898-8403-5242-b9ec-f6f705e3edec	Retention	5	Tỷ lệ người dùng tiếp tục quay lại tương tác với sản phẩm sau chu kỳ đầu tiên.	38663a21-69f7-5c91-b855-5715f8ac433d;4592bcf2-64bb-5c9f-be55-b4648d0d6a0e;4d20ff6e-b4a4-5f4e-b279-16ccda8f7062;90d6a4ec-941a-592d-ad73-d28e629361b8;a4d8133d-db69-5432-b4b6-55c08a32de0a;be1f3090-970d-58e7-b2ef-8c5b02adaf40;24dd1597-be79-58d8-a29e-b5da6c299e3a;60126ebd-01b9-5c9c-9eeb-8d61e8b41440;b481caff-e117-5a33-83c1-70da2c409dca;ccf145c9-b1fd-559b-a1cb-e4881d49c0dc;cff1ac2e-2d84-561b-aa44-e022eb753085;048d1f4b-26b4-5042-bc5c-3c3c7492ad5f;de637444-ec90-57c3-b6bc-9d5ba7bb8302;a15ed690-4712-4cd5-b814-b90ecdab897f	#FAF5FF	true
b5560816-cf63-490a-95e5-d7327f339353	Naming Scope	5	Tư duy phân cấp, đặt tên cho mọi thứ: Từ quản lý design token, frame trên Figma cho đến quản lý Components/Widget trong code và Event Name trong Event Tracking. Naming Scope giúp phân định rõ phạm vi áp dụng của đối tượng. Lưu ý: Chỉ đặt prefix/scope khi cần phân biệt rõ ràng giữa các phân hệ hoặc nền tảng cụ thể (modules, functions, platform..)	a2c8189b-43ed-575e-af6a-d1def4d7e5d8;a88ba42e-2eee-5e40-b82c-6e535d970572	#FAF5FF	true
b71ed2dd-b6f6-53e7-b84a-fc4c424268c3	iOS ATT (App Tracking Transparency)	5	Quy định của Apple buộc ứng dụng phải hiện pop-up xin phép người dùng trước khi thu thập mã định danh IDFA.	0dd93b5e-f0e1-52a1-b376-63c76cfe5715;ce92e344-098f-5414-a29c-957a46e9494f;e3abab7c-2227-51ee-8340-11aed0292fb9	#F3F8FF	true
bb4005ce-aeaa-586d-968c-6428ec5ac661	Snapshot Property vs Mutable Property	5	Thuộc tính ghi nhận tại thời điểm phát sinh sự kiện (như giá lúc mua) vs Thuộc tính hồ sơ người dùng ít biến động theo thời gian.	0dd93b5e-f0e1-52a1-b376-63c76cfe5715;52d59734-722b-599a-a0be-fbf3691ef3db;69d3f90b-ec4a-538a-aff3-70ca6b03ef1d;bce4aa48-117c-5f51-8102-9d6e18240213;ce92e344-098f-5414-a29c-957a46e9494f;dbf044cb-095d-5cc3-8294-14bcf3d39143;feea6d77-0e54-5551-8011-f45f139621aa;f11b6b58-9424-4bd8-b81d-ef8cfb3c4e33	#F3F8FF	true
bb9f28d6-2f16-44be-972f-fa0e04abad7f	Success Criteria	5	Điều kiện định lượng hoặc Yes/No để coi thử nghiệm thành công. Lưu ý: phải đặt trước khi build. Ứng dụng: accuracy >80% hoặc tỷ lệ nhận diện >95%.	953fce27-0903-5c98-84da-3ed0bb2f22e0;0e1489cc-a5c5-530f-948f-abdca76e1d18;697d5f88-9281-56eb-87a3-b8f1d680fa04;dbba0e5a-fc5d-4315-ae1b-ee3d5ec15d04;27695a8c-b0b6-42ed-8a66-855291aa7d1f;2e35806a-d2dd-4ab8-a64e-b9535c2f24de	#FEECEE	true
bce4aa48-117c-5f51-8102-9d6e18240213	Event Tracking Infrastructure	2	Việc lựa chọn nền tảng Event Tracking phụ thuộc vào chi phí, đặc thù sản phẩm, quy trình vận hành của doanh nghiệp và mục tiêu sử dụng. Lựa chọn đúng cơ sở hạ tầng tracking giúp giảm thiểu thời gian triển khai, đơn giản hóa quy trình phân tích và deliver insight nhanh trong sprint.	143c835a-9e49-5495-a37e-d0db4058bb93;3118b9e6-2c4b-5c0b-bb6a-b0a593bbff10;52d59734-722b-599a-a0be-fbf3691ef3db;550caa4e-1abd-5b0b-94df-e5bfc566b689;69d3f90b-ec4a-538a-aff3-70ca6b03ef1d;6c0b7cfc-d596-5af9-803f-9bdbc6a0834a;a2c8189b-43ed-575e-af6a-d1def4d7e5d8;a456d4c5-1db8-5931-b91d-96268ce5e577;a88ba42e-2eee-5e40-b82c-6e535d970572;bb4005ce-aeaa-586d-968c-6428ec5ac661;bf86fd5c-beb0-5ad3-adca-409976811576;df3d0c18-a108-5c38-8e94-ed22df3de949;f068d36c-d6e6-5abf-a5eb-68939f979586;f9379f02-667d-5f94-b25e-f4f24380f53d;feea6d77-0e54-5551-8011-f45f139621aa;1c8c1e52-bafb-4a4c-8d48-13e10e07ad50;8e8530e6-b1cd-4ad5-94d4-df782db1018b;4cbf70e3-5b77-4620-9bc5-d43891307e0e	#BAE6FD	true
bd606838-d561-5f77-a788-7dc486e1afde	TAM / SAM / SOM	5	Khung định cỡ thị trường: Tổng thị trường tiềm năng (TAM), Thị trường có thể phục vụ (SAM) và Thị trường mục tiêu thực tế (SOM).	466f4b1a-af15-5678-8c75-63dfb12515a6;cbe4de80-15e0-5055-9222-3f6228806ac5;e3c5f850-1105-5129-a5f8-8a79f8017ee4;d355a922-19cb-4cce-bd12-4c40c7704ba8	#FFF5F5	true
bdca8662-7ba2-4bc9-80f7-1ea3b4803b42	Information Architecture (IA)	5	Cách tổ chức thông tin, nội dung và hierarchy. Lưu ý: IA là nền tảng, một khi user đã quen với cấu trúc hiện tại thì rất khó thay đổi điều hướng của họ, nên khi build sản phẩm / tính năng mới thì cần làm chuẩn IA ngay từ đầu	0664976c-40dc-5a6b-a640-bd948530a965;feea6d77-0e54-5551-8011-f45f139621aa;64e960c7-3bc6-55ba-857b-91f91340720f;536405a6-996d-429d-9ea0-b4c7beab04bd	#F7EEFF	true
bdd6c97d-4c0c-5290-b197-a1a2e53fcaa6	Data Cardinality (1:1, 1:N, N:N)	5	Bản số quan hệ dữ liệu trong kiến trúc thông tin, quyết định trực tiếp tới trải nghiệm người dùng và giới hạn logic của backend.	4c1da6f4-b306-510f-a118-554748fd824a;6df7c1d7-8b50-5ba4-b6b5-1575853e964a;74f161e6-8a1f-5b7f-bc68-8b6697b0320b;8b5183ec-f2da-5dcc-8c33-c122bbe73760;f6cb49e5-cad5-58b3-be56-b16dd391f14d	#F0FCF5	true
be1f3090-970d-58e7-b2ef-8c5b02adaf40	Habit Formation	2	Mối quan hệ giữa Habit Formation và User Journey là tạo ra sự gắn kết vô thức. Trong đó, vòng đời định hình lộ trình tâm lý của người dùng, còn Habit Formation cung cấp công cụ để kéo người đi qua từng giai đoạn, biến việc sử dụng sản phẩm thành phản xạ tự nhiên. Quy trình này cần nghiên cứu, thử nghiệm và phân tích liên tục.	048d1f4b-26b4-5042-bc5c-3c3c7492ad5f;052a0b3c-55be-5c5b-abfe-517ca1801d4a;072f7438-9f0d-5071-9d0c-83fcff450bf7;18a64f03-274b-5c17-aacc-55c52efecb18;19452ecb-8274-5c6d-87b9-b658b3d1bcac;24dd1597-be79-58d8-a29e-b5da6c299e3a;2d43e81d-ce1f-50ee-b5d5-90d8eca8e51a;4592bcf2-64bb-5c9f-be55-b4648d0d6a0e;5a2612bc-1a4d-5677-af2f-2d3e79855b72;60126ebd-01b9-5c9c-9eeb-8d61e8b41440;60d835bf-3e31-5150-982a-90d49220db06;68674db2-8527-5464-a6d3-edb994f05b36;6a2d59eb-47e0-5060-8b96-6ceb28d257c0;75b03420-8577-5847-ba12-1b1984b0a5df;8bcad5ef-8862-53bd-bfc6-481293039caa;a3738aea-05ea-53d8-8ac6-ee0449b3141d;b481caff-e117-5a33-83c1-70da2c409dca;b53a7898-8403-5242-b9ec-f6f705e3edec;c8760f65-fdd6-548b-a636-c4534bdff33f;ccf145c9-b1fd-559b-a1cb-e4881d49c0dc;cff1ac2e-2d84-561b-aa44-e022eb753085;e553328e-d0c9-55c2-b606-01c9adba1c01;f9a0a064-1087-5189-bd79-ae89c4786bd9	#DDD6FE	true
be73b65d-f6bc-46a5-97ea-5712bce6393f	Onboarding	5	Luôn lưu ý Onboarding là một hành-trình-trải nghiệm chứ không phải là màn hình onboard/self-guide hoặc walkthrough. Hành trình onboarding giúp người dùng hiểu value sản phẩm mang lại, khám phá cách sử dụng và bắt đầu nhận lại value từ sản phẩm.	bf70fd86-29a8-5f7b-898d-c8bcbce7911d;e553328e-d0c9-55c2-b606-01c9adba1c01;3404d86a-fa83-504b-aaae-3dcc800c06ea;c76bd68e-216a-4a0f-a234-26a196012228;0664976c-40dc-5a6b-a640-bd948530a965;33f69f43-01ea-4a73-bd18-ca1181ae41cf	#F7EEFF	true
bedfc4db-b931-49ea-bedd-e0789137e4d8	Feedback & Measurement	5	Trong nghiên cứu người dùng cần kết hợp đo lường cả hành vi của họ và các insight định tính để đảm bảo tính toàn diện của insight. Định lượng để biết quy mô, hành vi. Định tính để biết nguyên nhân, động cơ và tâm lý.	f068d36c-d6e6-5abf-a5eb-68939f979586;24dd1597-be79-58d8-a29e-b5da6c299e3a;519088b8-16ab-5397-a508-b77776a855ed;c76bd68e-216a-4a0f-a234-26a196012228;ded9e273-9fa9-4bd2-b2e2-580554e809a5	#F0FCF5	true
bf70fd86-29a8-5f7b-898d-c8bcbce7911d	User Journey	3	Hành trình người dùng qua từng giai đoạn tương tác với sản phẩm: Từ khi biết đến, bắt đầu & duy trì sử dụng cho đến khi kết thúc một vòng đời.	27600cab-2a7f-5e5a-9fb6-236a2680a4e3;6dced765-3c6a-523f-9cf8-c8a0b325dd3d;8b5183ec-f2da-5dcc-8c33-c122bbe73760;8d67a5f3-f867-5cda-b258-92e659274cb6;b31b61c3-4083-590b-a159-051c293feca3;f0ac8d4e-a52e-5592-9151-26cec54c0909;be73b65d-f6bc-46a5-97ea-5712bce6393f;e10818b3-9647-4b5e-b247-7ed68a3a3efa;f8e5216d-9fc5-489d-a91f-dcfabb1e57b7	#FEEAA2	true
bf86fd5c-beb0-5ad3-adca-409976811576	CleverTap	5	Nền tảng gắn kết và tự động hóa tiếp thị theo thời gian thực dựa trên phân tích dữ liệu hành vi người dùng.	bce4aa48-117c-5f51-8102-9d6e18240213	#F3F8FF	true
bfec9619-309b-58aa-8ff8-2b7dcd0afd74	Phân loại nghiên cứu	3	Nghiên cứu khám phá (tìm vấn đề mới), Nghiên cứu mô tả (đo lường quy mô), và Nghiên cứu giải thích (quan hệ nhân quả).	4e2d1fbe-c78c-50a0-b698-9fa9494d4efe;6dced765-3c6a-523f-9cf8-c8a0b325dd3d;7aebd62e-9aef-559f-ab02-3648ab823848;992b408a-e8d8-5080-87b0-db5bfec7ee3c;a6132832-c66d-5353-9c63-368cfea31a6e;f0ac8d4e-a52e-5592-9151-26cec54c0909	#FFF5CC	true
c184434e-b278-5e08-a49b-4e43c0fbaa83	Nielsen Heuristics	4	Quy chuẩn đánh giá 10 nguyên lý Heuristics của Nielsen.	169ffe50-74e2-5cef-9a85-9dfb238eca18;6dced765-3c6a-523f-9cf8-c8a0b325dd3d;7aebd62e-9aef-559f-ab02-3648ab823848;c2d701a3-3824-5cc7-b5c6-47f267a6b1a8;c8653f20-49a8-58b6-ab9b-c0d36fb2f58e;e24adc79-5cfe-5c52-bd2e-040ceee16236;b3d9ac92-5d99-4709-a178-c50115f40482;b32d71dd-0d6d-4531-af2d-6dd57799bb88;735597f2-4c2c-48ab-8a71-4cb6c1fe1b4a;9eb441ab-36d9-41e5-9ea0-792162f0b503;ec492835-1e66-44c5-860f-ddffea3612b3;0d3848ba-d429-4455-a2e8-2702ce64fe7e;b057a51d-7570-4101-9575-62fdba099541;da615394-1e34-4f54-83a4-fb99bbdcc5e4;be498b07-e9ce-4e55-b51d-6baebec1316d;34e4de90-9153-43b4-8237-3758865b07b7;0981575c-9743-44de-abba-1c719ef9b420;fa74bcb8-23af-42df-b100-e342db9505b4;59cfa57e-816c-4519-a041-b262912c8786;f8ccc9b0-8d91-45ee-96a0-70a3a4a9dd8c;7cea8bda-c63f-496e-a5b0-a5cb9f63dff3	#FFF9DF	true
c23c0606-cf05-5f75-a9d3-31210cd03df0	Propensity Score Matching (PSM)	5	Kỹ thuật ghép cặp mẫu theo điểm xu hướng: Cân bằng đặc tính giữa nhóm dùng và không dùng tính năng khi không thể chia ngẫu nhiên A/B test.	072f7438-9f0d-5071-9d0c-83fcff450bf7;90d6a4ec-941a-592d-ad73-d28e629361b8;9a295ef9-17a3-553f-aaa8-68317386a9e6	#FAF5FF	true
c2d701a3-3824-5cc7-b5c6-47f267a6b1a8	Heuristic Auditing & Usability Testing	3	Bộ tiêu chí chuyên gia và quy trình kiểm thử khả năng sử dụng.	169ffe50-74e2-5cef-9a85-9dfb238eca18;6dced765-3c6a-523f-9cf8-c8a0b325dd3d;7aebd62e-9aef-559f-ab02-3648ab823848;992b408a-e8d8-5080-87b0-db5bfec7ee3c;c184434e-b278-5e08-a49b-4e43c0fbaa83;f0ac8d4e-a52e-5592-9151-26cec54c0909;b3d9ac92-5d99-4709-a178-c50115f40482;b32d71dd-0d6d-4531-af2d-6dd57799bb88;735597f2-4c2c-48ab-8a71-4cb6c1fe1b4a;be498b07-e9ce-4e55-b51d-6baebec1316d;fa74bcb8-23af-42df-b100-e342db9505b4;f643dd34-d8bd-41d9-908f-f473ff08116a;54494c5f-8b56-4192-924c-4e8aeb8f6482	#FFF5CC	true
c32f3ddf-e641-5b94-8a54-29c07fac840f	Ecosystem Dominance	4	Tung sản phẩm, kích hoạt hiệu ứng mạng lưới và tích hợp siêu ứng dụng.	1973ed7a-8330-52ee-b8a0-84d97c08fc6b;466f4b1a-af15-5678-8c75-63dfb12515a6;615a1800-9780-5dbf-bb4c-bdd343109402	#FEECEE	true
c4965be5-4020-4c6b-9ba2-1cfe87678dad	Event Lifecycle	7	Khung quy trình quản lý toàn diện sự kiện từ khâu đề xuất, thiết kế schema, kiểm thử, release đến deprecate. Lưu ý: Mỗi giai đoạn phải có tiêu chí đánh giá và người chịu trách nhiệm rõ ràng. Nếu không chuẩn hóa quy trình quản lý Event theo Lifecycle thì rất dễ sinh event rác, khó quản lý liên bộ phận và đọc event còn chẳng hiểu ý nghĩa của nó.	2b8ca6bb-9582-4016-9a1f-22bf2b7f62ee;efea720c-9e19-469c-9429-16d99b42d327;ce92e344-098f-5414-a29c-957a46e9494f;f068d36c-d6e6-5abf-a5eb-68939f979586;52d59734-722b-599a-a0be-fbf3691ef3db;69d3f90b-ec4a-538a-aff3-70ca6b03ef1d;b5560816-cf63-490a-95e5-d7327f339353;0635946c-736b-51bb-8d60-dcfba3d4342d;169ffe50-74e2-5cef-9a85-9dfb238eca18	#FAF5FF	true
c6183a53-e277-5951-b054-ea9c785ca4c8	Freemium Model	5	Cung cấp miễn phí tính năng cơ bản và thu tiền từ các tính năng nâng cao (Premium).	31693d72-4cbc-5de6-90a3-43ff17620675;3404d86a-fa83-504b-aaae-3dcc800c06ea;6935e1ef-563e-541c-8b6b-9e1560185cc2;6e36e687-06b2-5e95-9638-90cf43369216;82c30d6c-4e9f-5590-b3eb-8dcd3d8dc04b	#FFF5F5	true
c76bd68e-216a-4a0f-a234-26a196012228	In-app Survey	7	Khảo sát thực hiện ngay trong sản phẩm. Lưu ý: chỉ hỏi điều không thể suy ra từ behavioral data. Ứng dụng: hỏi mục tiêu hoặc kinh nghiệm trước đây.	7aebd62e-9aef-559f-ab02-3648ab823848;1e7dc39d-0c1d-5507-8d82-e8987e4dfa5f;24dd1597-be79-58d8-a29e-b5da6c299e3a;bedfc4db-b931-49ea-bedd-e0789137e4d8;be73b65d-f6bc-46a5-97ea-5712bce6393f	#F7EEFF	true
c7d4a4d5-0feb-4048-a030-a19050d50974	Role-Based Access Control (RBAC)	5	Ai ở vị trí gì và được quyền làm gì với dữ liệu và nghiệp vụ? RBAC liên quan trực tiếp đến rule CURD.	0dd93b5e-f0e1-52a1-b376-63c76cfe5715;f322e284-9a79-44e8-a2ec-889b942f2c9b	#CFE0F2	true
c8653f20-49a8-58b6-ab9b-c0d36fb2f58e	Asset Handoff & Design Specs	3	Bộ tài liệu hướng dẫn chuẩn hóa thiết kế. Nhiều đơn vị thay vì vibe design luôn thì cần phải bàn giao thiết kế, đặc tả, các assets đi kèm và check bản quyền mọi assets. Quy trình đó giúp giảm rủi ro vận hành và vi phạm sở hữu trí tuệ. Cấu trúc Hand-off và Spec trong quy mô doanh nghiệp lớn cũng rất phức tạp và đầy đủ.	1b5219f1-2082-55c0-a742-a09a5bf77e29;476213b5-7b9a-57c1-b3f4-76fcfc583cd1;4c1da6f4-b306-510f-a118-554748fd824a;64e960c7-3bc6-55ba-857b-91f91340720f;6df7c1d7-8b50-5ba4-b6b5-1575853e964a;7f19d515-b409-5237-b16b-8c9809905ca5;c184434e-b278-5e08-a49b-4e43c0fbaa83;ded67067-e2e5-5d39-8121-97262ad5d565	#D4F6E2	true
c8760f65-fdd6-548b-a636-c4534bdff33f	Power User Segmentation	5	Nhận diện và phân loại nhóm người dùng siêu tích cực tạo ra giá trị tương tác vượt trội.	38663a21-69f7-5c91-b855-5715f8ac433d;66257d73-bb90-55b2-8780-1b51efd53b79;be1f3090-970d-58e7-b2ef-8c5b02adaf40	#FAF5FF	true
c8cb22d5-6593-56da-beb6-03216f0a3127	Concierge MVP	5	Thử nghiệm cung cấp dịch vụ hoàn toàn thủ công, cách làm này tiết kiệm rất nhiều chi phí phát triển hệ thống, triển khai nhanh, từ đó rút ra bài học về quy cách vận hành và đặc thù domain -> Đưa knowhow đó vào việc phát triển hệ thống bài bản là ngon luôn.	e6060c54-7a2e-5c45-ad09-25a05771bd87;7f19d515-b409-5237-b16b-8c9809905ca5;1ee14d39-d6e6-557a-9472-77484d472de1;1c902b56-0ced-5e92-8035-2fbc8911190f;2b628007-55b2-4e4f-be1c-b847deb0fd16;42e55afd-83d1-4793-8896-36e34d603492;6dced765-3c6a-523f-9cf8-c8a0b325dd3d;d355a922-19cb-4cce-bd12-4c40c7704ba8;7b2de08a-c952-55a2-9949-f4fc2fcdcac8;f450eaa7-f33b-4a20-8466-3535c9b34e81	#FEFCEE	true
c9c78f6b-8baf-44fc-83d9-9948ab8c821b	Single-semantic Property	7	Nguyên tắc mỗi thuộc tính chỉ đại diện cho một ý nghĩa kinh doanh duy nhất. Lưu ý: Tránh gộp nhiều thông tin vào một chuỗi (ví dụ: home_banner_carousel_3). Ứng dụng: Tách riêng location, component_type, index để phân tích trực quan.	a2c8189b-43ed-575e-af6a-d1def4d7e5d8	#FEFCEE	true
cb385f15-6d14-5994-b619-4ee0a471d99c	Design System	5	Hệ thống ngôn ngữ thiết kế toàn diện gồm nguyên tắc, hướng dẫn và chuẩn mực, thành phần và cách ứng dụng.	4c1da6f4-b306-510f-a118-554748fd824a;6df7c1d7-8b50-5ba4-b6b5-1575853e964a;74f161e6-8a1f-5b7f-bc68-8b6697b0320b;785fbae6-e4b0-5a85-9378-89fb9c83a906;b3649530-10b6-52e2-8b7b-aaa7b0a4aeb8;3b7f46ff-01f3-4d1c-9492-f1b0b77c3760;b057a51d-7570-4101-9575-62fdba099541	#F0FCF5	true
cbdc645c-f6cb-4314-99c9-7dc2db9845b7	Two-way Door	5	Quyết định dễ đảo ngược hoặc thử lại. Lưu ý: nên quyết nhanh để tăng tốc học. Ứng dụng: CTA, layout, pricing test hoặc trial duration.	59189e2d-a73d-5f5c-899b-f00961197e83;032779f1-24e4-5df2-8133-bc25bf3846e4;536405a6-996d-429d-9ea0-b4c7beab04bd;4c5efa39-9183-40b9-9f3b-f91b4fe4007c;fa406b17-6b6a-474c-91b9-5f67865d4e9f	#FAF5FF	true
cbe4de80-15e0-5055-9222-3f6228806ac5	Financial Viability	2	Cơ chế tạo ra doanh thu và lợi nhuận bền vững cho sản phẩm. Chỉ khi xác định được Financial Viability thì mới có thể yên tâm growth sản phẩm thay vì đốt tiền mù quáng cho việc acquire user. Kể cả những sản phẩm lỗ có kế hoạch cũng cần validate Financial Viability.	1973ed7a-8330-52ee-b8a0-84d97c08fc6b;24dd1597-be79-58d8-a29e-b5da6c299e3a;47b09a77-6b11-581b-a3cd-ab92c1f781e5;615a1800-9780-5dbf-bb4c-bdd343109402;85490028-7acb-5864-b15c-8d4a7b5723ae;a3738aea-05ea-53d8-8ac6-ee0449b3141d;bd606838-d561-5f77-a788-7dc486e1afde;d28dfef7-2470-561e-8f25-8ccca2d713b9;e3c5f850-1105-5129-a5f8-8a79f8017ee4	#FBC4AB	true
cc765af2-f113-4c25-9f84-6595c140794d	PII	7	Thông tin có thể nhận dạng một cá nhân. Lưu ý: phải hạn chế thu thập, mã hóa và kiểm soát truy cập. Ứng dụng: bảo vệ email, số điện thoại và địa chỉ.	e3abab7c-2227-51ee-8340-11aed0292fb9;1a8fd20b-24cb-5a6f-959a-9b0360e0645f;f322e284-9a79-44e8-a2ec-889b942f2c9b;370f69bd-4c45-4b35-848b-e4bf1217c094;94d8bcc4-d446-43e3-936c-ee54939bc1b1;004ce045-8c25-438d-a554-d15145c9d3c8	#CFE0F2	true
ccf145c9-b1fd-559b-a1cb-e4881d49c0dc	Current User Return Rate (CURR)	5	Tỷ lệ tiếp tục quay lại của nhóm người dùng hiện hữu đã gắn bó với sản phẩm.	60126ebd-01b9-5c9c-9eeb-8d61e8b41440;be1f3090-970d-58e7-b2ef-8c5b02adaf40	#FAF5FF	true
ce8a0637-5a10-58df-a649-a5a82314171c	North Star Metric	3	Chỉ số phản ánh rõ ràng nhất value mà product mang lại cho user. Từ North Start metric sẽ được sử dụng để decompose thành các success metric trong từng roadmap.	38663a21-69f7-5c91-b855-5715f8ac433d;6cb117b5-ff19-5ab9-9a2d-c2af14028402;97c40a4b-0139-58db-bdd0-739c56ef1cf7;a4d8133d-db69-5432-b4b6-55c08a32de0a;cfcd60c9-0d14-5f39-86da-a30449c8ac6a;e3c5f850-1105-5129-a5f8-8a79f8017ee4;e493de95-1ab9-5cfc-bf2e-81c17754d91a	#E9D5FF	true
ce92e344-098f-5414-a29c-957a46e9494f	Data Governance	2	Quy chuẩn quản lý dữ liệu áp dụng cho Event Tracking tại các tổ chức lớn cần top down theo từng bộ phận, nền tảng, sản phẩm, modules tính năng và luồng nghiệp vụ chi tiết. Từ đó làm việc hiệu quả và có cấu trúc hơn.	0dd93b5e-f0e1-52a1-b376-63c76cfe5715;1a8fd20b-24cb-5a6f-959a-9b0360e0645f;300fb526-5f91-50c5-8e01-599dba96f103;3118b9e6-2c4b-5c0b-bb6a-b0a593bbff10;52d59734-722b-599a-a0be-fbf3691ef3db;550caa4e-1abd-5b0b-94df-e5bfc566b689;556b9ba5-46b8-5183-a620-6b275356711e;69d3f90b-ec4a-538a-aff3-70ca6b03ef1d;9a121cfe-5180-5ac0-8c8a-60a78bc949bb;a2c8189b-43ed-575e-af6a-d1def4d7e5d8;a456d4c5-1db8-5931-b91d-96268ce5e577;a88ba42e-2eee-5e40-b82c-6e535d970572;ad7ee876-ab28-552a-aa07-82aadfc0df67;b71ed2dd-b6f6-53e7-b84a-fc4c424268c3;bb4005ce-aeaa-586d-968c-6428ec5ac661;d6221f88-82e6-5126-9d4e-fc9299408d4d;df3d0c18-a108-5c38-8e94-ed22df3de949;e3abab7c-2227-51ee-8340-11aed0292fb9;e87054ce-119e-5c27-99ca-da227f71eace;f068d36c-d6e6-5abf-a5eb-68939f979586;f9379f02-667d-5f94-b25e-f4f24380f53d;c4965be5-4020-4c6b-9ba2-1cfe87678dad;2b8ca6bb-9582-4016-9a1f-22bf2b7f62ee	#BAE6FD	true
cea3c9c9-ea48-5fe1-a168-a4725f9592a3	Product Metrics	5	Hệ thống các chỉ số định lượng đo lường toàn diện hiệu quả sử dụng và hiệu năng của sản phẩm.	38663a21-69f7-5c91-b855-5715f8ac433d;e493de95-1ab9-5cfc-bf2e-81c17754d91a;fe2ff027-1a1a-5178-92b7-ca4f02a76ba1	#FAF5FF	true
cf273422-4ebb-566c-9a63-21f3fcfbb053	Single Source of Truth (SSOT)	4	Từ điển event chuẩn để quản lý, tra cứu và làm cầu nối giữa Product và Data/Dev. Tài liệu tracking để đảm bảo đặc tính SSOT thì cần liên tục maintain, update mỗi khi có thay đổi.	3118b9e6-2c4b-5c0b-bb6a-b0a593bbff10;52d59734-722b-599a-a0be-fbf3691ef3db;dbf044cb-095d-5cc3-8294-14bcf3d39143;feea6d77-0e54-5551-8011-f45f139621aa;69d3f90b-ec4a-538a-aff3-70ca6b03ef1d;bce4aa48-117c-5f51-8102-9d6e18240213;ce92e344-098f-5414-a29c-957a46e9494f;f068d36c-d6e6-5abf-a5eb-68939f979586;24dd1597-be79-58d8-a29e-b5da6c299e3a;7f19d515-b409-5237-b16b-8c9809905ca5;f9379f02-667d-5f94-b25e-f4f24380f53d;ad7ee876-ab28-552a-aa07-82aadfc0df67;d6221f88-82e6-5126-9d4e-fc9299408d4d;2b8ca6bb-9582-4016-9a1f-22bf2b7f62ee	#EBF3FE	true
cfb31f14-d82c-47f2-86e1-40dae4444ade	Scalability	5	Khả năng mở rộng hệ thống hoặc mô hình kinh doanh. Lưu ý: không tối ưu quy mô lớn quá sớm. Ứng dụng: chỉ đầu tư mở rộng khi có nhu cầu thật.	2230d9c9-a087-586a-941d-d2a475c3b521;de48b8f4-10b8-49b1-acf5-90ed15e3526a	#EBF3FE	true
cfcd60c9-0d14-5f39-86da-a30449c8ac6a	Guardrail Metrics	4	Các chỉ số được monitor (như crash rate, tỷ lệ hủy đơn, độ trễ API, page load time) kèm với success metric để đánh giá hiệu quả hoặc các vấn đề cải tiến. Không kỳ vọng chúng tăng, nhưng cần ổn định không được phép giảm.	24dd1597-be79-58d8-a29e-b5da6c299e3a;38663a21-69f7-5c91-b855-5715f8ac433d;ce8a0637-5a10-58df-a649-a5a82314171c	#F7EEFF	true
cff1ac2e-2d84-561b-aa44-e022eb753085	Classic Retention	5	Tỷ lệ giữ chân đo lường người dùng quay lại chính xác vào ngày thứ N (Day N retention).	be1f3090-970d-58e7-b2ef-8c5b02adaf40	#FAF5FF	true
d28dfef7-2470-561e-8f25-8ccca2d713b9	Competitor Benchmarking	5	Phân tích đối thủ cạnh tranh, so sánh tính năng, định vị giá, trải nghiệm người dùng. Tìm ra vùng cơ hội và định hướng phát triển của sản phẩm trong thị trường đại dương đỏ.	466f4b1a-af15-5678-8c75-63dfb12515a6;47b09a77-6b11-581b-a3cd-ab92c1f781e5;cbe4de80-15e0-5055-9222-3f6228806ac5;e3c5f850-1105-5129-a5f8-8a79f8017ee4	#FFF5F5	true
d355a922-19cb-4cce-bd12-4c40c7704ba8	Market Validation	7	Kiểm chứng thị trường đủ lớn và có khả năng tăng trưởng. Lưu ý: không chỉ dựa vào vài người thích sản phẩm. Ứng dụng: test acquisition, pricing và retention.	466f4b1a-af15-5678-8c75-63dfb12515a6;bd606838-d561-5f77-a788-7dc486e1afde;2b628007-55b2-4e4f-be1c-b847deb0fd16;42e55afd-83d1-4793-8896-36e34d603492	#FEFCEE	true
d4684671-67e4-4fbd-802f-0adad55b30d1	Eliminate Waste	7	Loại bỏ feature, code và độ trễ không tạo giá trị hoặc learning. Lưu ý: không loại bỏ core value hay safety. Ứng dụng: dùng bảng thô hoặc CSV thay dashboard nâng cao.	aae4823f-dbe0-5864-9f0e-7341eb6e9caf;300fb526-5f91-50c5-8e01-599dba96f103;1fd3ee71-8bc2-47bc-8085-03fd478e5b45	#F0FCF5	true
d46cee0f-3f30-5991-9390-1df10fc3799c	Product Life Cycle	5	4 giai đoạn phát triển: Giới thiệu (Introduction), Tăng trưởng (Growth), Bão hòa (Maturity), Suy thoái (Decline).	1c9cb381-b8aa-5a30-b763-a443a940ec74;466f4b1a-af15-5678-8c75-63dfb12515a6;e553328e-d0c9-55c2-b606-01c9adba1c01	#FFF5F5	true
d6221f88-82e6-5126-9d4e-fc9299408d4d	CDP (Customer Data Platform)	5	Nền tảng gom và làm sạch dữ liệu khách hàng từ mọi nguồn để phân phối cho các công cụ phân tích và tiếp thị.	0dd93b5e-f0e1-52a1-b376-63c76cfe5715;ce92e344-098f-5414-a29c-957a46e9494f;e87054ce-119e-5c27-99ca-da227f71eace	#F3F8FF	true
d70d4d02-d98b-4da7-9fe8-9ee7ee17815c	White-label	5	Sử dụng một sản phẩm/dịch vụ được xây dựng sẵn, sau đó gắn thương hiệu, giao diện hoặc tên của doanh nghiệp mình lên để cung cấp cho khách hàng như một sản phẩm của mình. -> Trong nhiều trường hợp thị trường đã chạm trần và không được phép có key-player mới, các công ty cũng lựa chọn sử dụng White-label để ra thị trường.	7f19d515-b409-5237-b16b-8c9809905ca5;de607db4-f593-48ed-88e9-0aa8cbf6511f;9f5edd88-7abc-4675-826d-f3809074ab28;6407c0aa-5958-4d52-a813-b3d6557e894f	#FDE5FF	true
d7a2e3e8-7638-4012-9f05-effecb89e3f5	New Segment	5	Tiếp cận nhóm khách hàng mới | Lưu ý: Có thể phải đổi giá, tính năng | Ứng dụng: Phân khúc mới	af240e98-d04c-420f-a4dd-2789a64fca88;082e6c10-d8a0-5f93-8bd1-b6465e4d3ec4;ff838f41-458b-47bf-9610-8ef611249009	#FFF5F5	true
d867d2d9-85e0-54a3-925a-24f25464aee3	Active Users	5	Lượng người dùng duy nhất thực hiện ít nhất một hành vi có giá trị trong chu kỳ (DAU, WAU, MAU).	2414dde8-5ed5-57b5-ae9d-620b0a777158;38663a21-69f7-5c91-b855-5715f8ac433d;fffa7201-dd8d-524a-81a8-4d46acc6e421	#FAF5FF	true
d9b77fdd-a152-5c58-a5c7-e72b6f4458b9	Trigger	5	Điều kiện logic chính xác làm phát sinh tín hiệu gửi sự kiện đi (ví dụ: onButtonClick, onScroll, API response).	dbf044cb-095d-5cc3-8294-14bcf3d39143;feea6d77-0e54-5551-8011-f45f139621aa	#F3F8FF	true
d9df7810-70d2-5360-ab05-d03752bdc2c0	Sample Size Determination	5	Xác định dung lượng mẫu tối thiểu cần thiết để thử nghiệm đạt đủ độ tin cậy thống kê.	032779f1-24e4-5df2-8133-bc25bf3846e4;12ba622f-5661-5f36-a180-313dac342c43;38663a21-69f7-5c91-b855-5715f8ac433d;90d6a4ec-941a-592d-ad73-d28e629361b8	#FAF5FF	true
da05265c-928c-4a07-a947-721e4527c3b1	Lead	5	Cơ hội bán hàng được tạo ra | Lưu ý: Không đồng nhất traffic | Ứng dụng: Đo đầu vào sale	297a2d37-2cd8-4fbd-8de4-b95f6fc56033;3aba3aef-0ea9-45a9-89c3-4f0361cda723;4835b5d1-b770-4e17-bb59-7eca3b7a6be2;2c115981-c9b6-409f-ad89-ced0a6514dfb	#FAF5FF	true
dbba0e5a-fc5d-4315-ae1b-ee3d5ec15d04	Kill Criteria	5	Điều kiện buộc phải dừng thử nghiệm. Lưu ý: giúp tránh tiếp tục vì tiếc công phát triển. Kill Criteria thường bao gồm định lượng, định tính và timebox cụ thể.	697d5f88-9281-56eb-87a3-b8f1d680fa04;300fb526-5f91-50c5-8e01-599dba96f103;bb9f28d6-2f16-44be-972f-fa0e04abad7f;f0b12a7d-f6b4-4838-86bd-2c84b09d315b;27695a8c-b0b6-42ed-8a66-855291aa7d1f	#FEECEE	true
dbf044cb-095d-5cc3-8294-14bcf3d39143	Event Schema Design	2	Xác định cấu trúc, format và các quy chuẩn về tracking, nhằm: Track đủ, track đúng, duy trì khả năng maintain và scale up khi số lượng event / payload tăng và sản phẩm cần nhiều bộ phận cùng quản lý.	0635946c-736b-51bb-8d60-dcfba3d4342d;18aeffc4-76aa-5984-95a2-8ffd02dbde89;3118b9e6-2c4b-5c0b-bb6a-b0a593bbff10;52d59734-722b-599a-a0be-fbf3691ef3db;550caa4e-1abd-5b0b-94df-e5bfc566b689;69d3f90b-ec4a-538a-aff3-70ca6b03ef1d;7e5488b4-28cc-5508-846c-9498ce36e4f2;a2c8189b-43ed-575e-af6a-d1def4d7e5d8;a456d4c5-1db8-5931-b91d-96268ce5e577;a88ba42e-2eee-5e40-b82c-6e535d970572;bb4005ce-aeaa-586d-968c-6428ec5ac661;cf273422-4ebb-566c-9a63-21f3fcfbb053;d9b77fdd-a152-5c58-a5c7-e72b6f4458b9;df3d0c18-a108-5c38-8e94-ed22df3de949;f068d36c-d6e6-5abf-a5eb-68939f979586;f9379f02-667d-5f94-b25e-f4f24380f53d;f982bc24-3d35-5964-9f23-afbd76a031ce;feea6d77-0e54-5551-8011-f45f139621aa;91896099-b409-45ae-8491-e32ea218e53c;eeefb42b-97a0-4b59-8ce3-00ef97bec795;372edb69-f7a6-4941-862c-b85692a12f8b	#BAE6FD	true
dc28f3f2-98f8-5af7-9619-9759683322d3	Backlog Structuring & Roadmaps	3	Nghiên cứu -> Chiến lược -> Roadmaps -> Backlog -> Execution. Các yếu tố này tác động lẫn nhau nên cần đánh giá tổng thể mới ra được vấn đề.	1b5219f1-2082-55c0-a742-a09a5bf77e29;74f161e6-8a1f-5b7f-bc68-8b6697b0320b;7f19d515-b409-5237-b16b-8c9809905ca5;1fd3ee71-8bc2-47bc-8085-03fd478e5b45	#D4F6E2	true
dcd30ab6-2bd4-452c-b6bb-41640872ea54	Community-led Growth	3	Tăng trưởng dựa trên cộng đồng | Lưu ý: Cần giá trị chung | Ứng dụng: Cộng đồng chuyên gia	a3738aea-05ea-53d8-8ac6-ee0449b3141d;3a72a225-d74d-4664-8f12-cf7e5d412ef1;f257b6ad-f2d5-440b-b351-0b67a7b9e67a	#FCD5CE	true
dcd659ed-03ce-5770-a1d2-7f7c82993b4c	Responsive Screen Design	5	Khả năng co giãn và thích ứng hiển thị mượt mà trên đa dạng kích thước màn hình thiết bị.	4c1da6f4-b306-510f-a118-554748fd824a;6df7c1d7-8b50-5ba4-b6b5-1575853e964a	#F0FCF5	true
de0a6d61-557f-561f-ba89-dcefe776ac07	ANOVA & Kruskal-Wallis	5	Kiểm định so sánh trên 3 nhóm biến thể trở lên: ANOVA cho dữ liệu phân phối chuẩn, Kruskal-Wallis cho dữ liệu phân bố lệch (phi tham số).	38663a21-69f7-5c91-b855-5715f8ac433d;90d6a4ec-941a-592d-ad73-d28e629361b8;9f1d26fd-7e8a-562e-bfe6-3ea480cbcd63	#FAF5FF	true
de48b8f4-10b8-49b1-acf5-90ed15e3526a	Viability	3	Khả năng vận hành và duy trì sản phẩm bền vững. Lưu ý: sản phẩm làm được chưa chắc có lãi. Ứng dụng: đánh giá revenue, cost, operation và growth. Viability bao gồm cả Financial Viability, Operational Viability, Competitive Viability, Regulatory/Legal Viability. Trong các giai đoạn của sản phẩm, giai đoạn nào cần validate viability?	1973ed7a-8330-52ee-b8a0-84d97c08fc6b;7f19d515-b409-5237-b16b-8c9809905ca5;85490028-7acb-5864-b15c-8d4a7b5723ae;466f4b1a-af15-5678-8c75-63dfb12515a6;38663a21-69f7-5c91-b855-5715f8ac433d;052a0b3c-55be-5c5b-abfe-517ca1801d4a;a3738aea-05ea-53d8-8ac6-ee0449b3141d;cbe4de80-15e0-5055-9222-3f6228806ac5;e3c5f850-1105-5129-a5f8-8a79f8017ee4;d46cee0f-3f30-5991-9390-1df10fc3799c;2b628007-55b2-4e4f-be1c-b847deb0fd16;cfb31f14-d82c-47f2-86e1-40dae4444ade	#6366F1	true
de607db4-f593-48ed-88e9-0aa8cbf6511f	Value-first	5	Tư duy của MVP là Value-first so với Risk-first của POC. Cần xác định kế hoạch cụ thể để tối ưu deliver giữa POC và MVP.	519088b8-16ab-5397-a508-b77776a855ed;b22ce0fc-ebfd-493e-8a77-b8fe5f510153;f450eaa7-f33b-4a20-8466-3535c9b34e81;95861de9-7e75-4d6f-a2f1-e52cb4f755f7	#F0FCF5	true
de637444-ec90-57c3-b6bc-9d5ba7bb8302	LTV (Customer Lifetime Value)	4	Tổng giá trị doanh thu hoặc lợi nhuận gộp ước tính một khách hàng mang lại xuyên suốt vòng đời.	1973ed7a-8330-52ee-b8a0-84d97c08fc6b;82133eb7-0617-5763-9580-a58152eec99a;e3c5f850-1105-5129-a5f8-8a79f8017ee4	#FEECEE	true
ded67067-e2e5-5d39-8121-97262ad5d565	Design-to-Code Engineering Transition	4	Các công ty đang bắt đầu dịch chuyển việc bàn giao design từ Figma file sang Code base. Designer cần vibe design và vibe code chuẩn để tăng tốc độ deliver, và đảm bảo thiết kế trên product là đúng với kỳ vọng của designer.	1b5219f1-2082-55c0-a742-a09a5bf77e29;4c1da6f4-b306-510f-a118-554748fd824a;6df7c1d7-8b50-5ba4-b6b5-1575853e964a;b3649530-10b6-52e2-8b7b-aaa7b0a4aeb8;c8653f20-49a8-58b6-ab9b-c0d36fb2f58e	#E3FAED	true
ded9e273-9fa9-4bd2-b2e2-580554e809a5	Early Adopters	5	Nhóm người dùng sớm sẵn sàng thử sản phẩm chưa hoàn thiện. Mỗi sản phẩm MVP đều cần xác định Early Adopter là ai và acquire họ bằng phương pháp nào?.	1c9cb381-b8aa-5a30-b763-a443a940ec74;519088b8-16ab-5397-a508-b77776a855ed;082e6c10-d8a0-5f93-8bd1-b6465e4d3ec4;aeb1cb06-3cbe-4514-a8d2-6cd47f519a23;42e55afd-83d1-4793-8896-36e34d603492;bedfc4db-b931-49ea-bedd-e0789137e4d8	#F0FCF5	true
df3d0c18-a108-5c38-8e94-ed22df3de949	Mixpanel	5	Công cụ phân tích hành vi sản phẩm chuyên sâu, mạnh về phân tích phễu, retention và chia phân khúc cohort. Dễ dùng, trực quan, có bản miễn phí & MCP.	0dd93b5e-f0e1-52a1-b376-63c76cfe5715;550caa4e-1abd-5b0b-94df-e5bfc566b689;a456d4c5-1db8-5931-b91d-96268ce5e577;bce4aa48-117c-5f51-8102-9d6e18240213;ce92e344-098f-5414-a29c-957a46e9494f;dbf044cb-095d-5cc3-8294-14bcf3d39143;fe2ff027-1a1a-5178-92b7-ca4f02a76ba1;feea6d77-0e54-5551-8011-f45f139621aa	#F3F8FF	true
e10818b3-9647-4b5e-b247-7ed68a3a3efa	Page View Tracking	5	Với Single Page App (SPA) cần event listening URL change từ routing thay vì chỉ dựa vào page load như bình thường. Nếu không track chuẩn thì khi user chuyển tab / chuyển màn nhưng vẫn là page hiện tại thì Page View Tracking sẽ không nhận được.	0664976c-40dc-5a6b-a640-bd948530a965;2414dde8-5ed5-57b5-ae9d-620b0a777158;bf70fd86-29a8-5f7b-898d-c8bcbce7911d	#F0FCF5	true
e1b028eb-0017-5736-979c-3f670814fb5d	Marketplace Model	5	Nền tảng kết nối trực tiếp bên mua và bên bán, kiếm tiền từ phí giao dịch hoặc hoa hồng.	03ce05be-d860-5ef1-b7a4-13f2d08bf9a0;4abcbff1-e95e-5045-b71d-c4523aff11e6;615a1800-9780-5dbf-bb4c-bdd343109402;6935e1ef-563e-541c-8b6b-9e1560185cc2;6e36e687-06b2-5e95-9638-90cf43369216	#FFF5F5	true
e24adc79-5cfe-5c52-bd2e-040ceee16236	Heuristic Evaluation (HE)	5	Phương pháp đánh giá giao diện chuyên gia dựa trên các nguyên lý sẵn có. Tuy nhiên, nếu người thiết kế tự đánh giá -> dễ bias cá nhân nên cần có người khác đánh giá mới khách quan. HE là đánh giá định tính nên không cần quá đông người đánh giá đâu nhé.	7aebd62e-9aef-559f-ab02-3648ab823848;b3649530-10b6-52e2-8b7b-aaa7b0a4aeb8;c184434e-b278-5e08-a49b-4e43c0fbaa83;6dced765-3c6a-523f-9cf8-c8a0b325dd3d;1c902b56-0ced-5e92-8035-2fbc8911190f;7f19d515-b409-5237-b16b-8c9809905ca5;476213b5-7b9a-57c1-b3f4-76fcfc583cd1;b3d9ac92-5d99-4709-a178-c50115f40482;b32d71dd-0d6d-4531-af2d-6dd57799bb88;735597f2-4c2c-48ab-8a71-4cb6c1fe1b4a	#FEFCEE	true
e28d0f1b-bb8a-5ab4-b739-5c2c96b631ee	Channels	5	Các kênh truyền thông, phân phối và tiếp cận người dùng xuyên suốt hành trình mua hàng.		#FFF5F5	true
e3abab7c-2227-51ee-8340-11aed0292fb9	User Privacy	3	Bảo vệ quyền riêng tư người dùng theo quy định của nền tảng, pháp lý.	0dd93b5e-f0e1-52a1-b376-63c76cfe5715;b71ed2dd-b6f6-53e7-b84a-fc4c424268c3;ce92e344-098f-5414-a29c-957a46e9494f;f322e284-9a79-44e8-a2ec-889b942f2c9b;cc765af2-f113-4c25-9f84-6595c140794d;0138d388-8f2c-4bfa-b202-3da60e6c9d06;94d8bcc4-d446-43e3-936c-ee54939bc1b1;004ce045-8c25-438d-a554-d15145c9d3c8;14e9f57b-b82d-44c7-9e8e-621bcc7d03a6	#CFE0F2	true
e3c5f850-1105-5129-a5f8-8a79f8017ee4	Unit Economics	2	Tính toán doanh thu dựa trên đầu user hoặc sản phẩm, từ đó biết được mô hình kinh doanh và vận hành có sẵn sàng để scale up trong giai đoạn growth không?	048d1f4b-26b4-5042-bc5c-3c3c7492ad5f;1973ed7a-8330-52ee-b8a0-84d97c08fc6b;24dd1597-be79-58d8-a29e-b5da6c299e3a;38663a21-69f7-5c91-b855-5715f8ac433d;47b09a77-6b11-581b-a3cd-ab92c1f781e5;615a1800-9780-5dbf-bb4c-bdd343109402;82133eb7-0617-5763-9580-a58152eec99a;85490028-7acb-5864-b15c-8d4a7b5723ae;a3738aea-05ea-53d8-8ac6-ee0449b3141d;bd606838-d561-5f77-a788-7dc486e1afde;cbe4de80-15e0-5055-9222-3f6228806ac5;ce8a0637-5a10-58df-a649-a5a82314171c;d28dfef7-2470-561e-8f25-8ccca2d713b9;de637444-ec90-57c3-b6bc-9d5ba7bb8302;2b628007-55b2-4e4f-be1c-b847deb0fd16;a15ed690-4712-4cd5-b814-b90ecdab897f;520e94c1-b904-4b61-a29f-b059c335cceb;9f5edd88-7abc-4675-826d-f3809074ab28	#FBC4AB	true
e493de95-1ab9-5cfc-bf2e-81c17754d91a	Guardrail & Counter Metrics	4	Bộ chỉ số hàng rào bảo vệ chống đánh đổi tiêu cực: Đảm bảo khi tối ưu metric mục tiêu không làm hỏng trải nghiệm chung hoặc các dòng doanh thu khác.	03d12942-cf0a-501d-9615-b30bce39717d;1b5219f1-2082-55c0-a742-a09a5bf77e29;4c1da6f4-b306-510f-a118-554748fd824a;6df7c1d7-8b50-5ba4-b6b5-1575853e964a;74f161e6-8a1f-5b7f-bc68-8b6697b0320b;7f19d515-b409-5237-b16b-8c9809905ca5;ce8a0637-5a10-58df-a649-a5a82314171c;cea3c9c9-ea48-5fe1-a168-a4725f9592a3	#E3FAED	true
e553328e-d0c9-55c2-b606-01c9adba1c01	Adoption	5	Mức độ người dùng chấp nhận, cài đặt và bắt đầu đưa sản phẩm/tính năng vào thói quen công việc.	97c40a4b-0139-58db-bdd0-739c56ef1cf7;be1f3090-970d-58e7-b2ef-8c5b02adaf40;d46cee0f-3f30-5991-9390-1df10fc3799c;be73b65d-f6bc-46a5-97ea-5712bce6393f	#FAF5FF	true
e6060c54-7a2e-5c45-ad09-25a05771bd87	Analytical Thinking	2	Tư duy phân tích được ứng dụng trong mọi bước của phát triển sản phẩm số: Từ xác định vấn đề, nghiên cứu, triển khai, đo lường. Áp dụng tư duy phân tích giúp giảm cảm tính, tối ưu hiệu suất làm việc, cấu trúc hóa kiến thức và cải thiện khả năng problem solving.	519088b8-16ab-5397-a508-b77776a855ed;6dced765-3c6a-523f-9cf8-c8a0b325dd3d;785775ff-3013-55f2-827e-ff3e720d8b2e;7b2de08a-c952-55a2-9949-f4fc2fcdcac8;a6132832-c66d-5353-9c63-368cfea31a6e;aae4823f-dbe0-5864-9f0e-7341eb6e9caf;ac6e4fbf-72b4-51b3-9599-dec7ae304abc;af8f3678-cf79-5d7a-a2ff-4d149d514179;c8cb22d5-6593-56da-beb6-03216f0a3127;f0ac8d4e-a52e-5592-9151-26cec54c0909;4c5efa39-9183-40b9-9f3b-f91b4fe4007c	#FEEAA2	true
e690731e-46de-5c30-8da2-8d8db7069768	Impact vs Feasibility Prioritization	3	Đánh giá mối tương quan giữa giá trị mang lại và công sức thực hiện.	683fb73e-3666-5c8e-8579-84e84269177e;74f161e6-8a1f-5b7f-bc68-8b6697b0320b;785775ff-3013-55f2-827e-ff3e720d8b2e	#BFF0D4	true
e6e617bf-414b-496a-a175-7395014016f9	JTBD Force - Pull	3	Là sự hấp dẫn của giải pháp mới — người dùng hình dung rằng nó sẽ giúp họ đạt được kết quả tốt hơn.	303b15cc-da8e-5d01-8116-b3d6c4f61020;b22ce0fc-ebfd-493e-8a77-b8fe5f510153;fb098033-23ba-54a1-b2be-ea3292579b2a;a01e1166-7a0a-47fb-8c25-ca6692e320d4;6dacec09-4a08-4b3a-a87a-91bb11bcf0cf;36e20b64-d341-42d1-9b2b-d78716dc6f9a;f0ac8d4e-a52e-5592-9151-26cec54c0909;7aebd62e-9aef-559f-ab02-3648ab823848	#FFF9DF	true
e70ea394-d7d7-5ce6-b7b2-544c238549ab	Multi-criteria Prioritization	3	Chấm điểm ưu tiên dựa trên nhiều tiêu chí của feature và function.	74f161e6-8a1f-5b7f-bc68-8b6697b0320b;9af3a9fa-80f2-52ba-a7ec-04d52680ccd4	#BFF0D4	true
e79ecb1f-e73c-483d-8903-8567ba5cb127	Low-code / No-code	7	Công cụ ghép nối nhanh mà không cần xây hệ thống hoàn chỉnh. Lưu ý: không mặc định là kiến trúc production. Ứng dụng: Zapier, Make hoặc automation scripts.	249fb6ef-0eda-57c8-92dc-85572bba9ca2;697d5f88-9281-56eb-87a3-b8f1d680fa04;1e8be8c8-22cb-410a-96b9-2e95e3257ff7	#FEECEE	true
e87054ce-119e-5c27-99ca-da227f71eace	Centralized User Identity Management	4	Đồng bộ hóa hồ sơ khách hàng giữa các kênh tiếp xúc và hợp nhất session sử dụng của họ.	0dd93b5e-f0e1-52a1-b376-63c76cfe5715;1a8fd20b-24cb-5a6f-959a-9b0360e0645f;3118b9e6-2c4b-5c0b-bb6a-b0a593bbff10;ce92e344-098f-5414-a29c-957a46e9494f;d6221f88-82e6-5126-9d4e-fc9299408d4d;efd1e7c7-828d-4415-b5a3-82b4767ff67f	#EBF3FE	true
eab98dba-e644-4ef7-9268-bd93e9334a53	Immutable Event	5	Event không thể chỉnh sửa hay ghi đè sau khi đã phát sinh. Vì nó không cho phép chỉnh sửa nên nếu làm không chuẩn phần event từ đầu thì sau tech-debt càng tích lũy. Maintain cực khó và thậm chí còn không có dữ liệu để phân tích.	f068d36c-d6e6-5abf-a5eb-68939f979586;eeefb42b-97a0-4b59-8ce3-00ef97bec795	#EBF3FE	true
ebe647a4-f352-5bab-8880-e71870bcc443	Ancillary Monetization	3	Các phương thức kinh doanh sản phẩm phụ trợ và đặc thù, ví dụ bán thêm add-ons, upgrade, accessories & convenience services. Tùy từng sản phẩm và mô hình kinh doanh sẽ sử dụng sản phẩm phụ trợ tương ứng nhằm tăng GMV, AoV và CLV	6935e1ef-563e-541c-8b6b-9e1560185cc2;6e36e687-06b2-5e95-9638-90cf43369216;89e83649-a251-52b2-87bf-46ff74911fad;de637444-ec90-57c3-b6bc-9d5ba7bb8302;82133eb7-0617-5763-9580-a58152eec99a;4abcbff1-e95e-5045-b71d-c4523aff11e6	#FCD5CE	true
ee0b0e06-9995-46e5-ae56-f63a5442981f	Low-touch	5	User giao dịch chủ yếu qua app | Lưu ý: Giảm phụ thuộc Sale | Ứng dụng: Chuyển khách online	0969dee2-073c-4f26-9047-b935914ac501	#FAF5FF	true
ee88b90b-0b7a-43f0-a770-bd84407802a9	Feature	5	Một feature có rất rất nhiều cách để decompose thành function. Mỗi một cách bóc tách lại có một scope riêng, thời gian deliver riêng và chi phí phát triển riêng. Việc bóc tách Feature thành Function rõ ràng giúp giảm thiểu chi phí phát triển và làm những thứ không hiệu quả.	3d7d2224-59d7-5797-95ce-e0296000fb3b;5a2612bc-1a4d-5677-af2f-2d3e79855b72;8978fd42-4f09-4514-b1d5-a99c4a999973;1fd3ee71-8bc2-47bc-8085-03fd478e5b45	#F0FCF5	true
eeefb42b-97a0-4b59-8ce3-00ef97bec795	Standalone Payload	7	Payload sự kiện chứa đầy đủ ngữ cảnh độc lập cần thiết mà không phụ thuộc vào việc join với event khác. Lưu ý: Cần cân đối giữa tính đầy đủ và kích thước payload. Ứng dụng: Đọc, xử lý và phân tích độc lập từng record.	37e66367-5ca5-44b2-b660-25f0d7d5d1a5;eab98dba-e644-4ef7-9268-bd93e9334a53;dbf044cb-095d-5cc3-8294-14bcf3d39143;a456d4c5-1db8-5931-b91d-96268ce5e577	#EBF3FE	true
efd1e7c7-828d-4415-b5a3-82b4767ff67f	Session ID	7	Định danh duy nhất gắn cho một phiên tương tác liên tục của người dùng. Lưu ý: Cần quy định ngưỡng timeout rõ ràng khi user không hoạt động (inactivity timeout). Ứng dụng: Gom nhóm hành vi theo phiên, đo lường session duration và phân tích luồng.	e87054ce-119e-5c27-99ca-da227f71eace;3404d86a-fa83-504b-aaae-3dcc800c06ea;f068d36c-d6e6-5abf-a5eb-68939f979586;f11b6b58-9424-4bd8-b81d-ef8cfb3c4e33	#F7EEFF	true
efea720c-9e19-469c-9429-16d99b42d327	Deprecation	5	Chính sách & quy trình ngừng sử dụng và loại bỏ tính năng, code, event không còn giá trị. Lưu ý: Luôn thông báo trước cho các bên liên quan và ấn định thời điểm remove cụ thể. Ứng dụng: Tinh giản codebase, dashboard và tiết kiệm chi phí lưu trữ.	c4965be5-4020-4c6b-9ba2-1cfe87678dad;2b8ca6bb-9582-4016-9a1f-22bf2b7f62ee;300fb526-5f91-50c5-8e01-599dba96f103	#FAF5FF	true
f04486e9-87b2-592e-922c-934df8a7bc2a	Key Partnerships	5	Mạng lưới đối tác liên minh, nhà cung cấp giúp tối ưu hóa chi phí và giảm thiểu rủi ro.	1973ed7a-8330-52ee-b8a0-84d97c08fc6b;f257b6ad-f2d5-440b-b351-0b67a7b9e67a	#FFF5F5	true
f068d36c-d6e6-5abf-a5eb-68939f979586	Event Tracking	3	Event Tracking cung cấp nguồn dữ liệu thô (raw data) thiết yếu nhất cho Behavioral Analytics. Không có Event Tracking, các công cụ Behavioral Analytics sẽ không có dữ liệu để phân tích. Chuẩn hóa Event Tracking rất quan trọng vì nó ảnh hưởng đến toàn bộ dữ liệu được thu thập: Track sai thì phân tích không có ý nghĩa, track thừa thì data rác, track thiếu thì không có cái để phân tích, tracking không được chuẩn hóa thì quá trình phân tích sẽ tốn công, phức tạp.	0dd93b5e-f0e1-52a1-b376-63c76cfe5715;1b5219f1-2082-55c0-a742-a09a5bf77e29;24dd1597-be79-58d8-a29e-b5da6c299e3a;3118b9e6-2c4b-5c0b-bb6a-b0a593bbff10;69d3f90b-ec4a-538a-aff3-70ca6b03ef1d;7f19d515-b409-5237-b16b-8c9809905ca5;a3738aea-05ea-53d8-8ac6-ee0449b3141d;bce4aa48-117c-5f51-8102-9d6e18240213;ce92e344-098f-5414-a29c-957a46e9494f;dbf044cb-095d-5cc3-8294-14bcf3d39143;feea6d77-0e54-5551-8011-f45f139621aa;bedfc4db-b931-49ea-bedd-e0789137e4d8;eab98dba-e644-4ef7-9268-bd93e9334a53;efd1e7c7-828d-4415-b5a3-82b4767ff67f;3e029235-866c-442c-acaa-d90f09763823	#99D5F9	true
f0ac8d4e-a52e-5592-9151-26cec54c0909	Product Discovery	2	Rộng hơn so với User Research, Product Discovery giúp khám phá xu hướng thị trường, quy định / chính sách của từng domain. Các key player trong thị trường và chân dung / vấn đề tập người dùng mục tiêu. Từ đó tìm ra vùng cơ hội của sản phẩm. Phân tích để biết sản phẩm nên đánh thị trường nào, đánh như thế nào và có những cơ hội nào để win được thị trường?	1973ed7a-8330-52ee-b8a0-84d97c08fc6b;1b5219f1-2082-55c0-a742-a09a5bf77e29;1e7dc39d-0c1d-5507-8d82-e8987e4dfa5f;249fb6ef-0eda-57c8-92dc-85572bba9ca2;24dd1597-be79-58d8-a29e-b5da6c299e3a;2f1c941a-c15b-57a3-a7f0-825b19510566;2fad2dba-1945-5a3c-bc3a-941d004698c1;6dced765-3c6a-523f-9cf8-c8a0b325dd3d;785775ff-3013-55f2-827e-ff3e720d8b2e;7aebd62e-9aef-559f-ab02-3648ab823848;7f19d515-b409-5237-b16b-8c9809905ca5;85490028-7acb-5864-b15c-8d4a7b5723ae;90d6a4ec-941a-592d-ad73-d28e629361b8;a3738aea-05ea-53d8-8ac6-ee0449b3141d;a6132832-c66d-5353-9c63-368cfea31a6e;b31b61c3-4083-590b-a159-051c293feca3;bf70fd86-29a8-5f7b-898d-c8bcbce7911d;bfec9619-309b-58aa-8ff8-2b7dcd0afd74;c2d701a3-3824-5cc7-b5c6-47f267a6b1a8;e6060c54-7a2e-5c45-ad09-25a05771bd87;3dbe52b4-1ea4-4e4b-9882-0cfdef50daaa	#F9D56E	true
f0b12a7d-f6b4-4838-86bd-2c84b09d315b	No-go / Kill	7	Nguyên tắc tối ưu nguồn lực khi chấm dứt phát triển dự án là gì? Ôi phần này nhiều lưu ý lắm - nếu chấm dứt quá sớm thì nhỡ đâu sau nó thành công? Nếu chấm dứt quá muộn lại thốt lên: "Biết thế bỏ mịe từ đầu cho rảnh nợ"... Dựa vào đâu và đợi bao lâu để quyết định dừng dự án nhỉ?.	300fb526-5f91-50c5-8e01-599dba96f103;8165b052-4fa4-45be-8c9e-bfd0a6dade0e;27695a8c-b0b6-42ed-8a66-855291aa7d1f;dbba0e5a-fc5d-4315-ae1b-ee3d5ec15d04;2e35806a-d2dd-4ab8-a64e-b9535c2f24de	#FAF5FF	true
f11b6b58-9424-4bd8-b81d-ef8cfb3c4e33	Historical User State	5	Ghi nhận trạng thái hoặc phân khúc của người dùng ngay tại snapshot sự kiện diễn ra thay vì phụ thuộc vào profile hiện tại. Lưu ý: User profile thay đổi theo thời gian, nếu không snapshot sẽ bóp méo phân tích quá khứ.	bb4005ce-aeaa-586d-968c-6428ec5ac661;1a8fd20b-24cb-5a6f-959a-9b0360e0645f;efd1e7c7-828d-4415-b5a3-82b4767ff67f	#F7EEFF	true
f232a0ca-af22-5a7e-be8e-18717e89c716	Break down metrics	5	Kỹ thuật phân rã chỉ số tổng thể thành các chỉ số đầu vào, từ đó đi sâu vào phân tích đa chiều, tìm ra mối quan hệ tương quan & nhân quả của cải tiến. Break down metrics tốt giúp team tập trung phân tích đúng chỉ số và tránh được các vanity metric.	38663a21-69f7-5c91-b855-5715f8ac433d;953fce27-0903-5c98-84da-3ed0bb2f22e0;9e77c845-5e28-5c83-a2b5-ab53e0196270;a4d8133d-db69-5432-b4b6-55c08a32de0a;ce8a0637-5a10-58df-a649-a5a82314171c;cea3c9c9-ea48-5fe1-a168-a4725f9592a3;cfcd60c9-0d14-5f39-86da-a30449c8ac6a;e493de95-1ab9-5cfc-bf2e-81c17754d91a	#FAF5FF	true
f257b6ad-f2d5-440b-b351-0b67a7b9e67a	Educational Partnership	5	Hợp tác với trường, viện, NGO | Lưu ý: Hướng tới đào tạo | Ứng dụng: Tiếp cận user tương lai	fe466197-b684-4ba5-b48e-49674e717067;f04486e9-87b2-592e-922c-934df8a7bc2a;dcd30ab6-2bd4-452c-b6bb-41640872ea54	#FFF5F5	true
f322e284-9a79-44e8-a2ec-889b942f2c9b	Data Isolation	5	Tách dữ liệu giữa user, organization hoặc tenant. Lưu ý: lỗi isolation có thể làm lộ dữ liệu chéo. Ứng dụng: giới hạn mọi truy vấn theo tenant.	0dd93b5e-f0e1-52a1-b376-63c76cfe5715;e3abab7c-2227-51ee-8340-11aed0292fb9;c7d4a4d5-0feb-4048-a030-a19050d50974;cc765af2-f113-4c25-9f84-6595c140794d	#CFE0F2	true
f3bc25a8-7f67-4c15-b23e-9d3107444c0e	Schema Validator	5	Thư viện hoặc công cụ tự động đối soát payload sự kiện thực tế phát sinh với tài liệu Tracking Plan. Ứng dụng: Tự động hóa phát hiện lỗi triển khai tracking trước khi release.	52d59734-722b-599a-a0be-fbf3691ef3db;bce4aa48-117c-5f51-8102-9d6e18240213;f068d36c-d6e6-5abf-a5eb-68939f979586	#FEECEE	true
f450eaa7-f33b-4a20-8466-3535c9b34e81	Core Value	5	Giá trị cốt lõi người dùng nhận được. Lưu ý: có thể nằm ở content, logic hay phương pháp chứ không nhất thiết ở code. Nhiều khi core value của sản phẩm là content hoặc những thứ khác ngoài tính năng thì thậm chí có thể sử dụng Wizard of Oz để validate luôn thay vì vibe code.	519088b8-16ab-5397-a508-b77776a855ed;b22ce0fc-ebfd-493e-8a77-b8fe5f510153;fb098033-23ba-54a1-b2be-ea3292579b2a;de607db4-f593-48ed-88e9-0aa8cbf6511f;aeb1cb06-3cbe-4514-a8d2-6cd47f519a23;7b2de08a-c952-55a2-9949-f4fc2fcdcac8	#F0FCF5	true
f45e3fdb-77df-5a5e-8937-f4ce27fdd9e4	Purposive & Quota Sampling	5	Chọn mẫu có chủ đích và định ngạch: Tuyển chọn đối tượng nghiên cứu thỏa mãn chính xác các tiêu chí nhân khẩu học và hành vi mục tiêu.	4e2d1fbe-c78c-50a0-b698-9fa9494d4efe;7aebd62e-9aef-559f-ab02-3648ab823848	#FEFCEE	true
f6cb49e5-cad5-58b3-be56-b16dd391f14d	Entity Relationship Diagram (ERD)	4	Kỹ năng đọc và mô hình hóa cơ sở dữ liệu cho Product Manager và Designer. Từ đó tính năng, luồng, UI chuẩn với thiết kế hệ thống đang có sẵn.	1b5219f1-2082-55c0-a742-a09a5bf77e29;3d7d2224-59d7-5797-95ce-e0296000fb3b;4c1da6f4-b306-510f-a118-554748fd824a;6df7c1d7-8b50-5ba4-b6b5-1575853e964a;74f161e6-8a1f-5b7f-bc68-8b6697b0320b;7f19d515-b409-5237-b16b-8c9809905ca5;8b5183ec-f2da-5dcc-8c33-c122bbe73760;bdd6c97d-4c0c-5290-b197-a1a2e53fcaa6	#E3FAED	true
f9379f02-667d-5f94-b25e-f4f24380f53d	Semantic Event Tracking	5	Nguyên tắc đặt tên sự kiện thuần nghĩa theo hành vi bản chất độc lập với thành phần UI. Điều này giúp tăng khả năng maintain, duy trì consistency của event qua các lần release hoặc update UI.	0dd93b5e-f0e1-52a1-b376-63c76cfe5715;a2c8189b-43ed-575e-af6a-d1def4d7e5d8;a88ba42e-2eee-5e40-b82c-6e535d970572;bce4aa48-117c-5f51-8102-9d6e18240213;ce92e344-098f-5414-a29c-957a46e9494f;dbf044cb-095d-5cc3-8294-14bcf3d39143;feea6d77-0e54-5551-8011-f45f139621aa	#F3F8FF	true
f982bc24-3d35-5964-9f23-afbd76a031ce	Reserved Events	5	Các sự kiện mặc định do SDK tự động kích hoạt mà không cần gắn mã thủ công (như session_start, app_install).	dbf044cb-095d-5cc3-8294-14bcf3d39143;feea6d77-0e54-5551-8011-f45f139621aa	#F3F8FF	true
f98e361b-7a90-4634-b33d-e96f3b16fa6a	Defer Commitment	5	Tư duy trì hoãn sự cam kết. Ứng dụng trong việc thiết kế các sản phẩm trong những version đầu tiên. Defer Commitment giúp đưa ra những quyết định dễ thay đổi, giảm chi phí và rủi ro & phù hợp với những mô hình phát triển Agile.	2230d9c9-a087-586a-941d-d2a475c3b521;0dfe1430-033f-5cba-bb53-f9d2a61537f8;76ec05cf-a6cd-4ad8-a3d3-9806898f49ae;4c5efa39-9183-40b9-9f3b-f91b4fe4007c	#FAF5FF	true
f9a0a064-1087-5189-bd79-ae89c4786bd9	Habit Formation	5	Tiến trình biến một hành vi sử dụng sản phẩm trở thành một phản xạ vô thức tự nhiên của người dùng.	38663a21-69f7-5c91-b855-5715f8ac433d;66257d73-bb90-55b2-8780-1b51efd53b79;75b03420-8577-5847-ba12-1b1984b0a5df;be1f3090-970d-58e7-b2ef-8c5b02adaf40	#FAF5FF	true
fa406b17-6b6a-474c-91b9-5f67865d4e9f	Remote Config	5	Cấu hình có thể thay đổi từ xa mà không cần release lại ứng dụng. Lưu ý: phù hợp với các quyết định Two-way Door. Ứng dụng: bật/tắt feature hoặc đổi giá trị mặc định.	59189e2d-a73d-5f5c-899b-f00961197e83;2414dde8-5ed5-57b5-ae9d-620b0a777158;cbdc645c-f6cb-4314-99c9-7dc2db9845b7;1e8be8c8-22cb-410a-96b9-2e95e3257ff7;aae4823f-dbe0-5864-9f0e-7341eb6e9caf;0dfe1430-033f-5cba-bb53-f9d2a61537f8;f98e361b-7a90-4634-b33d-e96f3b16fa6a;76ec05cf-a6cd-4ad8-a3d3-9806898f49ae;036e69d1-7883-5869-9ccd-ba1b4abcb6ae;0e1489cc-a5c5-530f-948f-abdca76e1d18;1b51e1b8-3089-4dcc-933a-ec72c664f19e;1c902b56-0ced-5e92-8035-2fbc8911190f	#EBF3FE	true
fa48484b-ebcb-5b79-86ce-4399e9bc001c	Cursor, Keyboard behavior	5	Chi tiết tương tác phím tắt, thứ tự tab, trạng thái con trỏ chuột và hành vi nhập liệu của giao diện. Được áp dụng khi cần thiết kế responsive.	4baa12cd-57dd-5f10-bcf4-72931c57b238;4c1da6f4-b306-510f-a118-554748fd824a;6df7c1d7-8b50-5ba4-b6b5-1575853e964a;7bd20bbf-d51d-52ca-9cec-62cbfd337c63	#F0FCF5	true
fb098033-23ba-54a1-b2be-ea3292579b2a	Jobs To Be Done (JTBD)	5	Thực sự là user cần outcome gì khi tìm đến sản phẩm? Để tìm được JTBD đó thì sử dụng phương pháp nghiên cứu gì? Và deliver bằng tính năng gì? Phụ thuộc vào roadmap, chiến lược sản phẩm, từ đó breakdown thành feature và decompose thành function tương ứng.	2fad2dba-1945-5a3c-bc3a-941d004698c1;303b15cc-da8e-5d01-8116-b3d6c4f61020;7aebd62e-9aef-559f-ab02-3648ab823848;afce4b57-cf4d-5eb8-a164-34b159d196f3;1e7dc39d-0c1d-5507-8d82-e8987e4dfa5f;bfec9619-309b-58aa-8ff8-2b7dcd0afd74;3d7d2224-59d7-5797-95ce-e0296000fb3b;7f19d515-b409-5237-b16b-8c9809905ca5;476213b5-7b9a-57c1-b3f4-76fcfc583cd1;f450eaa7-f33b-4a20-8466-3535c9b34e81	#FEFCEE	true
fe2ff027-1a1a-5178-92b7-ca4f02a76ba1	Product Monitor vs Product Analytics	4	Phân biệt giữa Product Monitor vs Product Analytics để áp dụng vào quy trình kiểm soát hiệu quả sản phẩm và phân tích chuyên sâu. Nhiều mô hình công ty hiện nay thậm chí còn không monitor sức khỏe sản phẩm thường xuyên, dẫn đến khó khăn trong quá trình phân tích về sau. Toang lắm, thật!.	24dd1597-be79-58d8-a29e-b5da6c299e3a;3118b9e6-2c4b-5c0b-bb6a-b0a593bbff10;38663a21-69f7-5c91-b855-5715f8ac433d;a4d8133d-db69-5432-b4b6-55c08a32de0a;cea3c9c9-ea48-5fe1-a168-a4725f9592a3;df3d0c18-a108-5c38-8e94-ed22df3de949	#F7EEFF	true
fe466197-b684-4ba5-b48e-49674e717067	Noble Edge Effect	5	Trách nhiệm xã hội làm thương hiệu tích cực hơn | Lưu ý: Cần hành động thực | Ứng dụng: CSR	f257b6ad-f2d5-440b-b351-0b67a7b9e67a;466f4b1a-af15-5678-8c75-63dfb12515a6;3a72a225-d74d-4664-8f12-cf7e5d412ef1	#FEFCEE	true
feea6d77-0e54-5551-8011-f45f139621aa	Taxonomy	3	Hệ thống đặt tên, sắp xếp, phân loại đối tượng, hành vi nhằm quản lý top-down hiệu quả. Áp dụng cho event_tracking, coding_convention, design_naming và những thứ liên quan.	0635946c-736b-51bb-8d60-dcfba3d4342d;18aeffc4-76aa-5984-95a2-8ffd02dbde89;3118b9e6-2c4b-5c0b-bb6a-b0a593bbff10;52d59734-722b-599a-a0be-fbf3691ef3db;550caa4e-1abd-5b0b-94df-e5bfc566b689;69d3f90b-ec4a-538a-aff3-70ca6b03ef1d;7e5488b4-28cc-5508-846c-9498ce36e4f2;a2c8189b-43ed-575e-af6a-d1def4d7e5d8;a456d4c5-1db8-5931-b91d-96268ce5e577;a88ba42e-2eee-5e40-b82c-6e535d970572;bb4005ce-aeaa-586d-968c-6428ec5ac661;bce4aa48-117c-5f51-8102-9d6e18240213;cf273422-4ebb-566c-9a63-21f3fcfbb053;d9b77fdd-a152-5c58-a5c7-e72b6f4458b9;dbf044cb-095d-5cc3-8294-14bcf3d39143;df3d0c18-a108-5c38-8e94-ed22df3de949;f068d36c-d6e6-5abf-a5eb-68939f979586;f9379f02-667d-5f94-b25e-f4f24380f53d;f982bc24-3d35-5964-9f23-afbd76a031ce;bdca8662-7ba2-4bc9-80f7-1ea3b4803b42	#BAE6FD	true
ff838f41-458b-47bf-9610-8ef611249009	Segment-based Pricing	5	Giá theo đặc điểm phân khúc | Lưu ý: Đơn vị tính có thể khác | Ứng dụng: Giá theo quy mô, phòng ban	6935e1ef-563e-541c-8b6b-9e1560185cc2;d7a2e3e8-7638-4012-9f05-effecb89e3f5;082e6c10-d8a0-5f93-8bd1-b6465e4d3ec4	#FFF5F5	true
fffa7201-dd8d-524a-81a8-4d46acc6e421	Viral Coefficient (K-factor)	5	Hệ số lan truyền đo lường số lượng người dùng mới được tạo ra từ mỗi một người dùng hiện hữu.	466f4b1a-af15-5678-8c75-63dfb12515a6;d867d2d9-85e0-54a3-925a-24f25464aee3	#FFF5F5	true
b3d9ac92-5d99-4709-a178-c50115f40482	Shneiderman's Eight Golden Rules	6	8 quy tắc vàng của Ben Shneiderman trong thiết kế HCI.	c2d701a3-3824-5cc7-b5c6-47f267a6b1a8;c184434e-b278-5e08-a49b-4e43c0fbaa83;e24adc79-5cfe-5c52-bd2e-040ceee16236;59cfa57e-816c-4519-a041-b262912c8786;478e60b2-2af0-471b-8276-a4090399b06a;f8e5216d-9fc5-489d-a91f-dcfabb1e57b7;3770464e-9b9b-4656-9fc5-7ceeca5462e3;f8ccc9b0-8d91-45ee-96a0-70a3a4a9dd8c;7cea8bda-c63f-496e-a5b0-a5cb9f63dff3;4cb369e1-102a-4428-ba5e-05684cdb6907;8aba31e0-9595-4fbf-b5b3-20dc5d0c262b;54494c5f-8b56-4192-924c-4e8aeb8f6482;d71af663-acee-4b16-bb73-0524b14c00be	#FEFCEE	true
b32d71dd-0d6d-4531-af2d-6dd57799bb88	Gerhardt-Powals Cognitive Engineering	6	Bộ nguyên lý kỹ nghệ nhận thức của Gerhardt-Powals giúp tối ưu hóa hiệu suất làm việc của con người trên giao diện số bằng cách giảm tải nhận thức.	c2d701a3-3824-5cc7-b5c6-47f267a6b1a8;e24adc79-5cfe-5c52-bd2e-040ceee16236;c184434e-b278-5e08-a49b-4e43c0fbaa83;7cea8bda-c63f-496e-a5b0-a5cb9f63dff3;cfb9ca6a-eb21-4b75-ab32-7c987c237aa5;358a5e4e-d6a3-476c-a49e-a44ab7d35e3c;47bc3049-230f-44da-92ab-b7bfdb963fe1;87cf4970-f99c-44e4-8595-85ec79737ff5	#EBF3FE	true
735597f2-4c2c-48ab-8a71-4cb6c1fe1b4a	Weinschenk-Barker Usability Classification	6	Hệ thống phân loại khả năng sử dụng của Susan Weinschenk và Pamela Barker tổng hợp từ các hướng dẫn công thái học quốc tế thành bộ tiêu chí dễ ứng dụng.	c2d701a3-3824-5cc7-b5c6-47f267a6b1a8;e24adc79-5cfe-5c52-bd2e-040ceee16236;c184434e-b278-5e08-a49b-4e43c0fbaa83;478e60b2-2af0-471b-8276-a4090399b06a;f8e5216d-9fc5-489d-a91f-dcfabb1e57b7;3770464e-9b9b-4656-9fc5-7ceeca5462e3;f8ccc9b0-8d91-45ee-96a0-70a3a4a9dd8c;f643dd34-d8bd-41d9-908f-f473ff08116a	#FAF5FF	true
9eb441ab-36d9-41e5-9ea0-792162f0b503	Visibility of System Status	6	Hệ thống luôn thông báo cho người dùng biết chuyện gì đang diễn ra thông qua các phản hồi kịp thời và phù hợp trong thời gian hợp lý (Nielsen Heuristic 1).	c184434e-b278-5e08-a49b-4e43c0fbaa83;2545db8f-ee7b-5ab6-997e-d56e212fdee9;6df7c1d7-8b50-5ba4-b6b5-1575853e964a	#F0FCF5	true
ec492835-1e66-44c5-860f-ddffea3612b3	Match Between System and Real World	6	Hệ thống phải nói ngôn ngữ của người dùng bằng cách sử dụng từ ngữ, cụm từ và khái niệm quen thuộc với họ thay vì thuật ngữ kỹ thuật chuyên sâu (Nielsen Heuristic 2)	c184434e-b278-5e08-a49b-4e43c0fbaa83;169ffe50-74e2-5cef-9a85-9dfb238eca18;4cb369e1-102a-4428-ba5e-05684cdb6907	#FEFCEE	true
0d3848ba-d429-4455-a2e8-2702ce64fe7e	User Control and Freedom	6	Người dùng thường chọn nhầm chức năng và luôn cần một lối thoát hiểm khẩn cấp được đánh dấu rõ ràng để rời khỏi trạng thái không mong muốn (Nielsen Heuristic 3).	c184434e-b278-5e08-a49b-4e43c0fbaa83;0664976c-40dc-5a6b-a640-bd948530a965;8aba31e0-9595-4fbf-b5b3-20dc5d0c262b	#FFF5F5	true
b057a51d-7570-4101-9575-62fdba099541	Consistency and Standards	6	Người dùng không cần phải băn khoăn liệu các từ ngữ, tình huống hoặc hành động khác nhau có cùng mang một ý nghĩa hay không (Nielsen Heuristic 4).	c184434e-b278-5e08-a49b-4e43c0fbaa83;cb385f15-6d14-5994-b619-4ee0a471d99c;0ed8c417-4f1e-57ae-8745-83150457fa1f;169ffe50-74e2-5cef-9a85-9dfb238eca18	#EBF3FE	true
da615394-1e34-4f54-83a4-fb99bbdcc5e4	Recognition Rather Than Recall	6	Tối thiểu hóa tải ghi nhớ của người dùng bằng cách làm cho các đối tượng, hành động và tùy chọn luôn hiển thị trực quan trước mắt (Nielsen Heuristic 6).	c184434e-b278-5e08-a49b-4e43c0fbaa83;4c1da6f4-b306-510f-a118-554748fd824a	#FAF5FF	true
be498b07-e9ce-4e55-b51d-6baebec1316d	Flexibility and Efficiency of Use	6	Hệ thống đáp ứng linh hoạt cho cả người dùng mới lẫn người dùng dày dạn kinh nghiệm thông qua các lối tắt và cơ chế tùy biến thao tác (Nielsen Heuristic 7)	c184434e-b278-5e08-a49b-4e43c0fbaa83;c2d701a3-3824-5cc7-b5c6-47f267a6b1a8	#F3F8FF	true
34e4de90-9153-43b4-8237-3758865b07b7	Aesthetic and Minimalist Design	6	Giao diện không chứa các thông tin không liên quan hoặc hiếm khi cần thiết, vì mỗi đơn vị thông tin thừa sẽ cạnh tranh và làm suy yếu thông tin quan trọng (Nielsen Heuristic 8).	c184434e-b278-5e08-a49b-4e43c0fbaa83;3b7f46ff-01f3-4d1c-9492-f1b0b77c3760;4c1da6f4-b306-510f-a118-554748fd824a	#FFF5F5	true
0981575c-9743-44de-abba-1c719ef9b420	Help Users with Errors & Recovery	6	Thông báo lỗi phải được diễn đạt bằng ngôn ngữ đơn giản, nêu rõ nguyên nhân và gợi ý giải pháp khắc phục cụ thể mang tính xây dựng (Nielsen Heuristic 9).	c184434e-b278-5e08-a49b-4e43c0fbaa83;756cf27c-72c2-549f-9e60-7dc25a942f19;d71af663-acee-4b16-bb73-0524b14c00be	#FEECEE	true
fa74bcb8-23af-42df-b100-e342db9505b4	Help and Documentation	6	Dù hệ thống tốt nhất là có thể dùng không cần hướng dẫn, tài liệu trợ giúp vẫn cần thiết và phải dễ tìm, tập trung vào tác vụ của người dùng (Nielsen Heuristic 10).	c184434e-b278-5e08-a49b-4e43c0fbaa83;c2d701a3-3824-5cc7-b5c6-47f267a6b1a8;54494c5f-8b56-4192-924c-4e8aeb8f6482	#FEFCEE	true
59cfa57e-816c-4519-a041-b262912c8786	Cater to Universal Usability	6	Hỗ trợ đa ngôn ngữ; tương thích responsive trên mọi kích thước màn hình; độ tương phản màu sắc cao đạt chuẩn; hỗ trợ nhiều phương thức tương tác (chuột, bàn phím, cảm ứng); cho phép điều chỉnh cỡ chữ linh hoạt.	4baa12cd-57dd-5f10-bcf4-72931c57b238;7bd20bbf-d51d-52ca-9cec-62cbfd337c63;c184434e-b278-5e08-a49b-4e43c0fbaa83;b3d9ac92-5d99-4709-a178-c50115f40482	#F0FCF5	true
478e60b2-2af0-471b-8276-a4090399b06a	Offer Informative Feedback	6	Mọi hành động của người dùng đều phải nhận được phản hồi tương xứng từ hệ thống; phản hồi tinh tế cho thao tác thường và nổi bật cho thao tác quan trọng (Shneiderman Rule 3 & Weinschenk Feedback).	2545db8f-ee7b-5ab6-997e-d56e212fdee9;6df7c1d7-8b50-5ba4-b6b5-1575853e964a;b3d9ac92-5d99-4709-a178-c50115f40482;735597f2-4c2c-48ab-8a71-4cb6c1fe1b4a	#FAF5FF	true
f8e5216d-9fc5-489d-a91f-dcfabb1e57b7	Design Dialogs to Yield Closure	6	Các chuỗi hành động cần được tổ chức thành các nhóm có điểm mở đầu, diễn biến và kết thúc rõ ràng. (Shneiderman Rule 4 & Weinschenk Closure).	059a4b3d-e28c-5ec5-99e8-1be0ce819452;bf70fd86-29a8-5f7b-898d-c8bcbce7911d;b3d9ac92-5d99-4709-a178-c50115f40482;735597f2-4c2c-48ab-8a71-4cb6c1fe1b4a	#D4F6E2	true
3770464e-9b9b-4656-9fc5-7ceeca5462e3	Permit Easy Reversal of Actions	6	Mọi thao tác đều nên có khả năng đảo ngược để giải tỏa nỗi sợ sai lầm và khuyến khích người dùng tự do khám phá tính năng (Shneiderman Rule 6 & Weinschenk Reversibility).	756cf27c-72c2-549f-9e60-7dc25a942f19;b3d9ac92-5d99-4709-a178-c50115f40482;735597f2-4c2c-48ab-8a71-4cb6c1fe1b4a	#FEFCEE	true
f8ccc9b0-8d91-45ee-96a0-70a3a4a9dd8c	Support Internal Locus of Control	6	Thiết kế để người dùng cảm thấy mình là người làm chủ hệ thống, là người khởi xướng hành động thay vì bị hệ thống ép buộc hoặc bất ngờ thay đổi (Shneiderman Rule 7 & Weinschenk Control).	c184434e-b278-5e08-a49b-4e43c0fbaa83;6df7c1d7-8b50-5ba4-b6b5-1575853e964a;b3d9ac92-5d99-4709-a178-c50115f40482;735597f2-4c2c-48ab-8a71-4cb6c1fe1b4a	#CFE0F2	true
7cea8bda-c63f-496e-a5b0-a5cb9f63dff3	Reduce Short-Term Memory Load	6	Khả năng ghi nhớ thông tin ngắn hạn của con người rất giới hạn (quy tắc 7 ± 2), do đó giao diện cần loại bỏ yêu cầu phải nhớ dữ liệu giữa các màn hình (Shneiderman Rule 8 & Gerhardt-Powals & Weinschenk).	c184434e-b278-5e08-a49b-4e43c0fbaa83;4c1da6f4-b306-510f-a118-554748fd824a;b3d9ac92-5d99-4709-a178-c50115f40482;b32d71dd-0d6d-4531-af2d-6dd57799bb88	#F7EEFF	true
cfb9ca6a-eb21-4b75-ab32-7c987c237aa5	Automate Unwanted Workload	6	Tự động hóa các tác vụ tính toán, chuyển đổi đơn vị và nhập liệu lặp đi lặp lại không mong muốn để giải phóng tải nhận thức cho người dùng (Gerhardt-Powals 1).	4c1da6f4-b306-510f-a118-554748fd824a;6df7c1d7-8b50-5ba4-b6b5-1575853e964a;b32d71dd-0d6d-4531-af2d-6dd57799bb88	#E0F2FE	true
358a5e4e-d6a3-476c-a49e-a44ab7d35e3c	Integrate Information	6	Gom nhóm và tích hợp các dữ liệu có liên quan về cùng một không gian trực quan để người dùng so sánh và ra quyết định mà không phải chuyển đổi ngữ cảnh (Gerhardt-Powals 4).	6df7c1d7-8b50-5ba4-b6b5-1575853e964a;b32d71dd-0d6d-4531-af2d-6dd57799bb88	#F0FCF5	true
47bc3049-230f-44da-92ab-b7bfdb963fe1	Context-Sensitive Display	6	Hiển thị thông tin và công cụ một cách chọn lọc theo đúng ngữ cảnh sử dụng thực tế của người dùng, ứng dụng nguyên lý Progressive Disclosure (Gerhardt-Powals 5).	4c1da6f4-b306-510f-a118-554748fd824a;6df7c1d7-8b50-5ba4-b6b5-1575853e964a;b32d71dd-0d6d-4531-af2d-6dd57799bb88	#FEFCEE	true
87cf4970-f99c-44e4-8595-85ec79737ff5	Visual Clarity and Flow	6	Đảm bảo độ rõ ràng về mặt thị giác và dẫn dắt luồng mắt người đọc di chuyển tự nhiên theo các quy luật tâm lý học thị giác (Gestalt, F-pattern, Z-pattern) (Gerhardt-Powals 6 & 8).	4c1da6f4-b306-510f-a118-554748fd824a;3b7f46ff-01f3-4d1c-9492-f1b0b77c3760;b32d71dd-0d6d-4531-af2d-6dd57799bb88	#FFF5F5	true
f643dd34-d8bd-41d9-908f-f473ff08116a	Shortcuts and Accelerators	6	Cơ chế thao tác tắt giúp người dùng có kinh nghiệm nâng cao tốc độ hoàn thành công việc và tương tác năng suất cao với hệ thống (Weinschenk-Barker 2).	c2d701a3-3824-5cc7-b5c6-47f267a6b1a8;6df7c1d7-8b50-5ba4-b6b5-1575853e964a;735597f2-4c2c-48ab-8a71-4cb6c1fe1b4a	#EDE9FE	true
77e06cb2-2d8c-45b5-b424-a320bc95f90e	WCAG Perceivable Principle	6	Nguyên tắc 'Cảm nhận được' (WCAG Principle 1): Thông tin và các thành phần giao diện người dùng phải được hiển thị sao cho người dùng có thể nhận thức được bằng các giác quan.	7bd20bbf-d51d-52ca-9cec-62cbfd337c63;4baa12cd-57dd-5f10-bcf4-72931c57b238	#EBF3FE	true
5e828ea5-af0c-400c-8c33-e2962e115577	WCAG Operable Principle	6	Nguyên tắc 'Vận hành được' (WCAG Principle 2): Các thành phần giao diện người dùng và chức năng điều hướng phải thao tác được bằng đa dạng phương thức đầu vào.	7bd20bbf-d51d-52ca-9cec-62cbfd337c63;0664976c-40dc-5a6b-a640-bd948530a965;4baa12cd-57dd-5f10-bcf4-72931c57b238;f72c72e2-36ac-4133-abaa-9f6ed1ae8fab	#F0FCF5	true
9655802a-aef2-40a6-a56f-316255c2ab17	WCAG Understandable Principle	6	Nguyên tắc 'Hiểu được' (WCAG Principle 3): Thông tin và cách thức vận hành giao diện người dùng phải rõ ràng, nhất quán và dễ nắm bắt đối với mọi đối tượng.	7bd20bbf-d51d-52ca-9cec-62cbfd337c63;4baa12cd-57dd-5f10-bcf4-72931c57b238	#FAF5FF	true
434c07c7-1294-427e-af01-10bba924c7f7	WCAG Robust Principle	6	Nguyên tắc 'Bền bỉ / Tương thích' (WCAG Principle 4): Nội dung kỹ thuật số phải đủ mạnh mẽ để được phân tích và hỗ trợ đáng tin cậy bởi đa dạng tác nhân, bao gồm các công nghệ trợ tiếp cận (Assistive Technologies).	7bd20bbf-d51d-52ca-9cec-62cbfd337c63;4baa12cd-57dd-5f10-bcf4-72931c57b238	#F3F8FF	true
b6dcd3cf-12ee-476a-80ff-a0662491ff02	Keyboard-Only Navigation & Focus Order	6	Khả năng tiếp cận điều hướng thuần bàn phím và duy trì thứ tự dịch chuyển focus trực quan, logic theo luồng đọc nội dung (WCAG 2.1.1, 2.1.2, 2.4.3, 2.4.7). Tiêu chí đánh giá: Đường viền chỉ báo focus (Focus Ring) hiển thị rõ nét với độ tương phản cao tối thiểu 3:1 và độ dày tối thiểu 2px; focus ring không bị che khuất bởi Header dính (Sticky Header) hay Popup; thứ tự phím Tab khớp với thứ tự hiển thị thị giác; hỗ trợ phím Escape đóng nhanh modal/dropdown.	7bd20bbf-d51d-52ca-9cec-62cbfd337c63;0664976c-40dc-5a6b-a640-bd948530a965	#FEFCEE	true
5aa597a0-fee2-420c-9ac0-0e2edc24477b	Accessible Form Validation & Input Assistance	6	Tiêu chuẩn thiết kế form nhập liệu dễ tiếp cận, tự động hỗ trợ người dùng nhập chính xác và giảm thiểu sai sót (WCAG 3.3.1, 3.3.2, 3.3.3, 3.3.7, 3.3.8).	7bd20bbf-d51d-52ca-9cec-62cbfd337c63;756cf27c-72c2-549f-9e60-7dc25a942f19	#D4F6E2	true
4cb369e1-102a-4428-ba5e-05684cdb6907	Logical Mapping	6	Mối quan hệ không gian và quy luật tương thích tự nhiên giữa bộ điều khiển (controls) và kết quả tác động lên hệ thống trong thế giới thực (Shneiderman Rule / Norman Mapping).	ec492835-1e66-44c5-860f-ddffea3612b3;6df7c1d7-8b50-5ba4-b6b5-1575853e964a;b3d9ac92-5d99-4709-a178-c50115f40482	#FEFCEE	true
8aba31e0-9595-4fbf-b5b3-20dc5d0c262b	UI Constraints	6	Thiết lập các rào cản và giới hạn vật lý, logic hoặc ngữ nghĩa để chủ động ngăn chặn người dùng thực hiện hành vi sai sót hoặc rơi vào ngõ cụt (Shneiderman / Norman Constraints).	756cf27c-72c2-549f-9e60-7dc25a942f19;0d3848ba-d429-4455-a2e8-2702ce64fe7e;6df7c1d7-8b50-5ba4-b6b5-1575853e964a;b3d9ac92-5d99-4709-a178-c50115f40482	#FEECEE	true
54494c5f-8b56-4192-924c-4e8aeb8f6482	Learnability in UI	6	Khả năng và tốc độ mà một người dùng mới có thể hiểu cách vận hành và hoàn thành tác vụ cơ bản ngay trong lần đầu tương tác với giao diện (Shneiderman Rule / Usability).	fa74bcb8-23af-42df-b100-e342db9505b4;c2d701a3-3824-5cc7-b5c6-47f267a6b1a8;4c1da6f4-b306-510f-a118-554748fd824a;b3d9ac92-5d99-4709-a178-c50115f40482	#F0FCF5	true
d71af663-acee-4b16-bb73-0524b14c00be	Error Tolerance	6	Khả năng tự handle lỗi từ người dùng mà không làm gián đoạn hay break luồng trải nghiệm (Shneiderman Rule 5 / Robustness). 	756cf27c-72c2-549f-9e60-7dc25a942f19;0981575c-9743-44de-abba-1c719ef9b420;b3d9ac92-5d99-4709-a178-c50115f40482	#FAF5FF	true
f72c72e2-36ac-4133-abaa-9f6ed1ae8fab	Touch Target Size & Pointer Gestures	6	Quy chuẩn kích thước vùng chạm và thao tác con trỏ/cảm ứng đảm bảo người dùng thao tác chính xác, không bấm nhầm trên mọi thiết bị (WCAG 2.5.1, 2.5.2, 2.5.5, 2.5.8).	5e828ea5-af0c-400c-8c33-e2962e115577;7bd20bbf-d51d-52ca-9cec-62cbfd337c63;4baa12cd-57dd-5f10-bcf4-72931c57b238;6df7c1d7-8b50-5ba4-b6b5-1575853e964a	#EBF3FE	true